session_id,user_id,ip_address,devices,OS,browser,date_login,date_logout
1500,1,247.190.234.30,smartphone,Others,Chrome,2021-12-03T00:34:51Z,2021-12-03 01:53:18 UTC
1501,2,144.153.251.220,smartphone,Others,Samsung Internet,2021-09-18T21:42:44Z,2021-09-19 00:02:11 UTC
1502,3,19.16.52.160,smartphone,OS X,KaiOS,2021-03-25T04:33:18Z,2021-03-25 06:21:29 UTC
1503,4,112.125.148.233,desktop,Linux,Chromium,2021-02-01T02:07:41Z,2021-02-01 02:34:24 UTC
1504,5,84.138.14.120,TV,Unknown,KaiOS,2021-02-15T20:35:41Z,2021-02-15 22:55:11 UTC
1505,6,2.15.211.5,TV,Unknown,Edge,2021-07-25T04:49:14Z,2021-07-25 05:29:38 UTC
1506,7,249.1.146.234,TV,Unknown,Chrome,2021-04-22T16:57:46Z,2021-04-22 19:13:54 UTC
1507,8,253.132.148.170,desktop,Linux,Chrome,2021-12-24T20:08:04Z,2021-12-24 23:05:48 UTC
1508,9,113.176.59.132,TV,Unknown,Puffin,2021-02-19T16:48:32Z,2021-02-19 19:28:32 UTC
1509,10,106.179.66.136,TV,Unknown,Firefox,2021-12-09T00:27:10Z,2021-12-09 02:53:44 UTC
1510,11,80.17.197.106,desktop,Windows,Puffin,2021-11-23T12:32:23Z,2021-11-23 14:15:15 UTC
1511,12,150.0.163.106,TV,Unknown,Unknown,2021-02-27T11:26:23Z,2021-02-27 12:52:15 UTC
1512,13,26.113.68.53,desktop,Others,Firefox,2021-07-28T22:54:59Z,2021-07-28 23:09:31 UTC
1513,14,96.22.171.74,TV,Unknown,Unknown,2021-06-12T20:47:42Z,2021-06-12 22:49:38 UTC
1514,15,21.159.212.98,desktop,Others,Firefox,2021-07-18T02:18:38Z,2021-07-18 02:20:49 UTC
1515,16,235.129.122.145,TV,Unknown,Other,2021-11-28T01:05:21Z,2021-11-28 01:22:42 UTC
1516,17,219.127.20.128,smartphone,OS X,KaiOS,2021-05-09T04:18:20Z,2021-05-09 05:38:45 UTC
1517,18,95.172.230.24,TV,Unknown,Firefox,2021-05-15T18:53:14Z,2021-05-15 19:15:03 UTC
1518,19,236.121.110.140,TV,Unknown,Other,2021-11-11T20:49:09Z,2021-11-11 21:27:47 UTC
1519,20,53.124.100.167,smartphone,Others,Firefox,2021-09-17T01:33:06Z,2021-09-17 03:49:31 UTC
1520,21,65.251.42.234,smartphone,OS X,Safari,2021-09-09T07:59:03Z,2021-09-09 09:00:16 UTC
1521,22,23.31.64.109,TV,Unknown,KaiOS,2021-05-31T18:16:51Z,2021-05-31 20:27:54 UTC
1522,23,109.94.182.126,TV,Unknown,Opera,2021-05-20T09:53:19Z,2021-05-20 12:22:52 UTC
1523,24,43.92.249.14,TV,Unknown,Other,2021-06-03T23:07:18Z,2021-06-04 01:51:23 UTC
1524,25,56.40.155.20,desktop,Chrome OS,Chrome,2021-03-22T18:47:27Z,2021-03-22 21:21:30 UTC
1525,26,239.245.160.195,desktop,OS X,Puffin,2021-07-19T21:45:08Z,2021-07-19 23:06:46 UTC
1526,27,53.250.168.112,desktop,Others,Other,2021-08-05T11:07:12Z,2021-08-05 13:49:22 UTC
1527,28,5.120.8.84,desktop,OS X,KaiOS,2021-06-13T01:16:53Z,2021-06-13 03:46:01 UTC
1528,29,56.213.22.241,desktop,Windows,Firefox,2021-01-17T06:57:03Z,2021-01-17 08:31:12 UTC
1529,30,77.72.205.211,TV,Unknown,Unknown,2021-10-13T19:08:05Z,2021-10-13 20:11:46 UTC
1530,31,222.28.133.144,smartphone,OS X,Opera,2021-09-03T14:40:16Z,2021-09-03 16:45:04 UTC
1531,32,73.195.80.194,smartphone,OS X,Unknown,2021-04-24T08:57:14Z,2021-04-24 11:20:01 UTC
1532,33,70.219.61.85,TV,Unknown,Puffin,2021-11-15T21:13:56Z,2021-11-15 22:21:58 UTC
1533,34,71.145.246.246,desktop,Linux,Chrome,2021-12-29T16:47:16Z,2021-12-29 19:21:22 UTC
1534,35,169.29.109.28,TV,Unknown,Other,2021-09-04T13:13:26Z,2021-09-04 15:36:33 UTC
1535,36,15.191.96.22,desktop,Windows,Unknown,2021-05-03T23:58:10Z,2021-05-04 02:10:56 UTC
1536,37,47.73.16.54,TV,Unknown,Unknown,2021-11-02T17:26:01Z,2021-11-02 19:08:32 UTC
1537,38,236.46.88.232,desktop,Linux,Opera,2021-05-26T11:54:16Z,2021-05-26 13:54:17 UTC
1538,39,198.172.241.235,smartphone,OS X,KaiOS,2021-02-20T04:57:33Z,2021-02-20 05:02:39 UTC
1539,40,237.134.40.97,desktop,OS X,Unknown,2021-06-01T11:28:06Z,2021-06-01 14:10:23 UTC
1540,41,146.115.102.176,smartphone,OS X,Opera,2021-10-01T17:47:34Z,2021-10-01 19:48:13 UTC
1541,42,205.130.186.66,TV,Unknown,Unknown,2021-01-29T03:16:12Z,2021-01-29 05:10:53 UTC
1542,43,169.17.176.144,desktop,Others,Firefox,2021-10-04T02:18:36Z,2021-10-04 05:19:05 UTC
1543,44,45.215.151.93,smartphone,OS X,Other,2021-02-17T17:57:07Z,2021-02-17 20:05:23 UTC
1544,45,130.217.195.72,desktop,Chrome OS,Chrome,2021-12-19T18:38:18Z,2021-12-19 20:40:14 UTC
1545,46,12.77.57.89,smartphone,Others,Samsung Internet,2021-07-01T12:49:08Z,2021-07-01 14:07:35 UTC
1546,47,93.20.148.177,TV,Unknown,Opera,2021-03-01T12:41:01Z,2021-03-01 15:04:00 UTC
1547,48,236.67.119.213,smartphone,OS X,Puffin,2021-03-08T18:00:08Z,2021-03-08 19:44:13 UTC
1548,49,235.98.22.160,TV,Unknown,Puffin,2021-11-23T16:18:07Z,2021-11-23 16:36:11 UTC
1549,50,119.162.217.48,smartphone,OS X,Puffin,2021-10-22T10:12:27Z,2021-10-22 10:33:22 UTC
1550,51,11.153.83.80,TV,Unknown,KaiOS,2021-03-14T07:20:19Z,2021-03-14 08:10:45 UTC
1551,52,17.147.94.209,TV,Unknown,KaiOS,2021-12-21T23:06:11Z,2021-12-21 23:59:49 UTC
1552,53,79.254.242.76,desktop,Linux,Opera,2021-12-18T01:40:20Z,2021-12-18 01:50:39 UTC
1553,54,107.128.255.39,TV,Unknown,Chrome,2021-11-16T07:25:37Z,2021-11-16 08:03:04 UTC
1554,55,8.115.98.79,desktop,Linux,Unknown,2021-07-22T08:22:26Z,2021-07-22 08:43:03 UTC
1555,56,223.223.201.140,smartphone,OS X,Opera,2021-10-12T20:30:33Z,2021-10-12 21:54:18 UTC
1556,57,223.235.158.193,smartphone,Others,Android,2021-03-18T21:23:35Z,2021-03-18 21:56:38 UTC
1557,58,154.244.226.185,TV,Unknown,Safari,2021-02-08T19:08:17Z,2021-02-08 20:57:00 UTC
1558,59,134.223.124.114,smartphone,OS X,Safari,2021-11-29T02:22:20Z,2021-11-29 05:02:41 UTC
1559,60,169.232.71.62,TV,Unknown,Opera,2021-05-23T20:59:22Z,2021-05-23 21:07:27 UTC
1560,61,133.158.187.230,TV,Unknown,Firefox,2021-11-11T19:12:52Z,2021-11-11 20:30:35 UTC
1561,62,12.145.98.2,desktop,Chrome OS,Chrome,2021-06-04T16:03:28Z,2021-06-04 18:49:37 UTC
1562,63,66.41.79.208,smartphone,Others,Chrome,2021-04-05T19:34:18Z,2021-04-05 21:51:08 UTC
1563,64,172.25.251.239,smartphone,OS X,Other,2021-10-15T20:25:57Z,2021-10-15 23:00:44 UTC
1564,65,121.1.53.164,desktop,OS X,Opera,2021-10-24T19:16:03Z,2021-10-24 21:33:09 UTC
1565,66,109.171.137.116,smartphone,Others,Other,2021-02-28T23:40:40Z,2021-03-01 02:27:36 UTC
1566,67,158.227.194.208,desktop,Windows,Edge,2021-04-07T07:25:51Z,2021-04-07 09:10:05 UTC
1567,68,139.210.234.221,smartphone,OS X,Opera,2021-01-20T15:35:49Z,2021-01-20 16:25:26 UTC
1568,69,38.102.133.70,smartphone,Others,Android,2021-06-29T10:42:12Z,2021-06-29 13:29:17 UTC
1569,70,116.40.70.178,smartphone,OS X,KaiOS,2021-06-08T03:11:50Z,2021-06-08 05:38:40 UTC
1570,71,162.192.179.14,TV,Unknown,Chrome,2021-03-23T18:27:17Z,2021-03-23 20:27:30 UTC
1571,72,149.32.51.138,desktop,Linux,Unknown,2021-07-20T09:29:49Z,2021-07-20 09:41:25 UTC
1572,73,33.83.188.253,TV,Unknown,Edge,2021-12-20T17:15:29Z,2021-12-20 19:05:13 UTC
1573,74,136.26.147.35,desktop,Others,Other,2021-11-15T11:27:33Z,2021-11-15 14:25:12 UTC
1574,75,94.225.93.3,smartphone,Others,Android,2021-12-14T16:19:03Z,2021-12-14 17:30:47 UTC
1575,76,2.250.144.152,smartphone,Others,Firefox,2021-11-05T10:28:31Z,2021-11-05 10:56:14 UTC
1576,77,27.92.240.3,smartphone,OS X,Opera,2021-07-12T03:09:03Z,2021-07-12 04:17:47 UTC
1577,78,225.217.234.127,TV,Unknown,Other,2021-06-16T13:37:49Z,2021-06-16 14:45:05 UTC
1578,79,213.242.147.161,smartphone,Others,Samsung Internet,2021-07-02T23:37:13Z,2021-07-03 01:09:56 UTC
1579,80,223.159.8.132,TV,Unknown,Firefox,2021-08-28T08:51:30Z,2021-08-28 10:42:19 UTC
1580,81,32.69.115.158,smartphone,Others,Unknown,2021-10-10T05:57:03Z,2021-10-10 07:22:12 UTC
1581,82,230.198.209.163,smartphone,OS X,Puffin,2021-02-15T02:21:26Z,2021-02-15 04:04:24 UTC
1582,83,18.82.137.3,TV,Unknown,Chrome,2021-05-07T16:07:02Z,2021-05-07 17:38:34 UTC
1583,84,169.44.88.233,desktop,Others,Android,2021-11-04T03:46:58Z,2021-11-04 06:06:26 UTC
1584,85,228.189.51.172,TV,Unknown,Firefox,2021-03-22T18:27:29Z,2021-03-22 20:46:22 UTC
1585,86,223.161.17.119,TV,Unknown,Chrome,2021-06-10T17:18:17Z,2021-06-10 18:50:46 UTC
1586,87,5.8.48.151,TV,Unknown,Unknown,2021-12-11T20:58:39Z,2021-12-11 22:25:31 UTC
1587,88,22.208.40.185,TV,Unknown,Unknown,2021-09-03T03:31:26Z,2021-09-03 05:18:54 UTC
1588,89,230.124.149.141,desktop,Others,Firefox,2021-02-26T01:35:54Z,2021-02-26 03:01:51 UTC
1589,90,152.200.1.204,smartphone,Others,Chrome,2021-08-03T02:31:15Z,2021-08-03 03:18:07 UTC
1590,91,185.62.201.172,desktop,Windows,Other,2021-11-27T10:29:39Z,2021-11-27 13:00:14 UTC
1591,92,186.153.103.191,TV,Unknown,Puffin,2021-01-15T15:21:13Z,2021-01-15 16:41:34 UTC
1592,93,22.175.242.111,desktop,Linux,Chrome,2021-12-07T10:22:23Z,2021-12-07 12:43:12 UTC
1593,94,20.93.223.248,smartphone,Others,Other,2021-12-10T19:21:07Z,2021-12-10 21:36:07 UTC
1594,95,230.164.78.232,smartphone,OS X,Firefox,2021-09-24T19:41:28Z,2021-09-24 21:05:52 UTC
1595,96,214.52.25.172,TV,Unknown,Unknown,2021-04-20T13:09:08Z,2021-04-20 14:30:01 UTC
1596,97,7.159.113.24,desktop,Windows,Opera,2021-01-15T21:23:12Z,2021-01-15 21:28:17 UTC
1597,98,178.49.111.60,desktop,Others,Chrome,2021-04-08T04:25:55Z,2021-04-08 07:04:21 UTC
1598,99,219.31.154.105,TV,Unknown,KaiOS,2021-05-11T17:44:59Z,2021-05-11 20:43:35 UTC
1599,100,104.161.240.182,desktop,Windows,Unknown,2021-01-18T21:47:41Z,2021-01-19 00:15:23 UTC
1600,101,33.196.24.239,desktop,Windows,Chrome,2021-10-06T23:57:21Z,2021-10-07 02:30:31 UTC
1601,102,244.153.197.99,TV,Unknown,Edge,2021-07-22T23:31:08Z,2021-07-23 02:32:07 UTC
1602,103,147.85.145.237,desktop,Linux,Other,2021-03-02T17:41:37Z,2021-03-02 19:31:19 UTC
1603,104,116.185.192.178,smartphone,OS X,Puffin,2021-05-26T05:45:28Z,2021-05-26 07:03:58 UTC
1604,105,204.175.50.221,smartphone,Others,Unknown,2021-02-12T12:30:26Z,2021-02-12 15:25:40 UTC
1605,106,90.212.164.61,desktop,Windows,Edge,2021-09-24T18:57:50Z,2021-09-24 19:42:51 UTC
1606,107,213.114.89.142,smartphone,OS X,KaiOS,2021-02-16T18:07:38Z,2021-02-16 20:45:20 UTC
1607,108,151.35.34.148,desktop,Others,Chrome,2021-03-03T11:28:46Z,2021-03-03 13:48:12 UTC
1608,109,83.241.245.170,smartphone,OS X,KaiOS,2021-07-21T19:35:08Z,2021-07-21 21:45:22 UTC
1609,110,226.218.242.149,smartphone,Others,Android,2021-01-22T04:33:36Z,2021-01-22 07:01:21 UTC
1610,111,19.53.135.222,smartphone,OS X,Puffin,2022-01-02T12:31:23Z,2022-01-02 13:15:08 UTC
1611,112,183.239.19.103,TV,Unknown,Puffin,2021-08-05T03:17:57Z,2021-08-05 03:48:35 UTC
1612,113,65.132.116.95,desktop,Chrome OS,Chrome,2021-01-15T07:55:23Z,2021-01-15 10:18:05 UTC
1613,114,114.160.119.3,desktop,Chrome OS,Chrome,2021-10-01T15:47:41Z,2021-10-01 17:55:28 UTC
1614,115,156.69.253.86,desktop,OS X,Firefox,2021-02-12T17:35:10Z,2021-02-12 20:19:48 UTC
1615,116,107.111.204.171,smartphone,OS X,Unknown,2021-11-11T21:53:27Z,2021-11-12 00:22:23 UTC
1616,117,210.24.164.67,desktop,Windows,Opera,2021-01-18T08:21:53Z,2021-01-18 09:02:10 UTC
1617,118,75.91.205.245,TV,Unknown,Opera,2021-08-07T08:23:44Z,2021-08-07 10:58:41 UTC
1618,119,51.79.61.195,smartphone,OS X,Other,2021-07-30T13:36:30Z,2021-07-30 13:53:26 UTC
1619,120,177.32.29.142,desktop,Chrome OS,Chrome,2021-05-27T02:05:41Z,2021-05-27 04:19:53 UTC
1620,121,27.87.66.142,smartphone,OS X,Unknown,2021-11-16T06:59:10Z,2021-11-16 09:58:16 UTC
1621,122,78.107.48.37,smartphone,OS X,Opera,2021-05-25T20:59:24Z,2021-05-25 23:01:50 UTC
1622,123,207.160.195.117,TV,Unknown,Chrome,2021-01-09T02:56:38Z,2021-01-09 03:00:41 UTC
1623,124,85.100.75.250,desktop,Windows,Chrome,2021-08-08T10:45:18Z,2021-08-08 12:46:25 UTC
1624,125,165.39.108.105,TV,Unknown,Other,2021-01-10T17:28:34Z,2021-01-10 19:16:20 UTC
1625,126,3.174.19.65,TV,Unknown,Firefox,2021-07-29T09:46:37Z,2021-07-29 10:18:38 UTC
1626,127,237.6.191.124,TV,Unknown,Chrome,2021-12-30T14:33:40Z,2021-12-30 16:44:52 UTC
1627,128,140.2.169.88,TV,Unknown,Chrome,2021-05-24T06:34:59Z,2021-05-24 06:59:54 UTC
1628,129,111.222.191.40,TV,Unknown,Other,2021-12-09T07:42:51Z,2021-12-09 07:54:19 UTC
1629,130,146.140.145.129,desktop,OS X,Unknown,2021-11-25T19:15:24Z,2021-11-25 20:00:47 UTC
1630,131,120.114.64.52,TV,Unknown,KaiOS,2021-05-01T19:40:08Z,2021-05-01 21:40:34 UTC
1631,132,123.65.74.134,desktop,Chrome OS,Chrome,2021-09-15T04:10:19Z,2021-09-15 07:11:14 UTC
1632,133,3.201.148.166,desktop,OS X,Safari,2021-02-10T16:13:12Z,2021-02-10 16:36:14 UTC
1633,134,94.93.160.116,desktop,Others,Chrome,2021-05-13T23:29:17Z,2021-05-14 02:15:40 UTC
1634,135,145.175.164.152,desktop,OS X,Opera,2021-06-15T02:15:23Z,2021-06-15 03:09:39 UTC
1635,136,138.7.167.51,desktop,Linux,Other,2021-05-23T22:28:07Z,2021-05-24 00:01:37 UTC
1636,137,156.253.192.95,TV,Unknown,KaiOS,2021-02-02T11:06:35Z,2021-02-02 12:16:48 UTC
1637,138,143.107.189.98,smartphone,OS X,KaiOS,2021-03-05T09:20:30Z,2021-03-05 11:29:38 UTC
1638,139,202.245.72.178,TV,Unknown,Safari,2021-07-07T08:14:17Z,2021-07-07 08:20:00 UTC
1639,140,246.155.136.82,desktop,Chrome OS,Chrome,2021-08-26T10:01:06Z,2021-08-26 11:08:15 UTC
1640,141,31.19.235.164,smartphone,OS X,KaiOS,2021-05-21T07:32:27Z,2021-05-21 09:35:25 UTC
1641,142,145.158.246.102,desktop,OS X,Firefox,2021-11-25T18:26:25Z,2021-11-25 19:27:18 UTC
1642,143,137.44.177.105,smartphone,OS X,Unknown,2021-06-20T05:31:41Z,2021-06-20 06:39:00 UTC
1643,144,60.63.106.80,desktop,Windows,Firefox,2021-08-01T07:35:57Z,2021-08-01 09:30:51 UTC
1644,145,171.169.194.242,TV,Unknown,Opera,2021-09-08T07:16:50Z,2021-09-08 08:02:50 UTC
1645,146,8.204.39.114,desktop,OS X,Unknown,2021-07-11T01:42:54Z,2021-07-11 03:04:20 UTC
1646,147,8.1.255.236,desktop,Chrome OS,Chrome,2021-06-14T11:15:08Z,2021-06-14 13:28:38 UTC
1647,148,21.221.157.158,smartphone,Others,Firefox,2021-03-29T07:57:24Z,2021-03-29 08:03:17 UTC
1648,149,193.214.237.114,smartphone,OS X,Firefox,2021-12-12T23:36:23Z,2021-12-12 23:39:31 UTC
1649,150,179.220.188.145,smartphone,OS X,Unknown,2021-04-11T18:34:21Z,2021-04-11 20:17:00 UTC
1650,151,191.228.249.206,desktop,Windows,Firefox,2021-08-22T16:37:17Z,2021-08-22 18:13:58 UTC
1651,152,78.3.58.96,smartphone,OS X,Safari,2021-10-11T11:58:22Z,2021-10-11 14:34:49 UTC
1652,153,187.162.210.61,desktop,OS X,Firefox,2021-04-11T14:48:40Z,2021-04-11 15:15:49 UTC
1653,154,185.64.137.182,smartphone,Others,Android,2021-07-13T13:13:11Z,2021-07-13 15:53:54 UTC
1654,155,192.61.240.214,TV,Unknown,Other,2021-11-29T12:00:38Z,2021-11-29 14:53:56 UTC
1655,156,9.244.39.112,TV,Unknown,KaiOS,2021-11-13T16:13:07Z,2021-11-13 18:07:42 UTC
1656,157,81.5.34.50,desktop,Chrome OS,Chrome,2021-10-23T03:08:03Z,2021-10-23 04:59:52 UTC
1657,158,8.150.182.83,desktop,Windows,Unknown,2021-11-23T09:52:23Z,2021-11-23 10:00:17 UTC
1658,159,175.217.126.66,desktop,Windows,Other,2021-02-18T02:48:59Z,2021-02-18 03:05:11 UTC
1659,160,210.166.69.126,smartphone,OS X,Other,2021-07-15T19:34:20Z,2021-07-15 19:50:58 UTC
1660,161,135.30.111.72,smartphone,Others,Firefox,2021-05-23T05:03:59Z,2021-05-23 07:04:20 UTC
1661,162,146.247.68.184,smartphone,OS X,Other,2021-12-15T09:52:22Z,2021-12-15 12:34:43 UTC
1662,163,245.36.116.30,desktop,Chrome OS,Chrome,2021-03-05T02:22:56Z,2021-03-05 04:27:24 UTC
1663,164,67.2.80.212,desktop,Windows,Unknown,2021-11-26T15:49:39Z,2021-11-26 15:58:30 UTC
1664,165,40.39.134.207,TV,Unknown,KaiOS,2021-08-31T07:17:11Z,2021-08-31 09:54:08 UTC
1665,166,190.26.163.40,smartphone,Others,Unknown,2021-03-20T02:46:21Z,2021-03-20 05:00:05 UTC
1666,167,240.219.184.19,TV,Unknown,Firefox,2021-04-18T06:32:02Z,2021-04-18 07:04:29 UTC
1667,168,93.206.120.65,desktop,Windows,Other,2021-03-28T16:11:57Z,2021-03-28 17:55:06 UTC
1668,169,77.157.61.188,desktop,Windows,Chrome,2021-01-19T03:39:38Z,2021-01-19 05:13:13 UTC
1669,170,225.68.254.250,TV,Unknown,Opera,2021-12-06T15:19:29Z,2021-12-06 17:26:50 UTC
1670,171,212.51.245.101,TV,Unknown,Edge,2021-10-01T13:25:49Z,2021-10-01 16:20:12 UTC
1671,172,65.226.239.1,desktop,Linux,Puffin,2021-11-10T10:35:27Z,2021-11-10 12:55:12 UTC
1672,173,121.11.57.54,TV,Unknown,Chrome,2021-06-14T13:41:25Z,2021-06-14 15:08:43 UTC
1673,174,141.209.31.72,desktop,OS X,Other,2021-01-08T20:53:45Z,2021-01-08 21:27:46 UTC
1674,175,121.184.234.46,desktop,Windows,Puffin,2021-08-19T22:40:56Z,2021-08-20 00:15:06 UTC
1675,176,165.79.106.209,desktop,Chrome OS,Chrome,2021-11-26T22:35:41Z,2021-11-27 00:05:53 UTC
1676,177,243.23.228.48,TV,Unknown,Edge,2021-09-20T06:59:58Z,2021-09-20 09:37:00 UTC
1677,178,27.216.88.162,TV,Unknown,Puffin,2021-03-02T23:14:54Z,2021-03-03 00:15:36 UTC
1678,179,147.129.191.82,TV,Unknown,Other,2021-08-18T05:18:57Z,2021-08-18 05:54:32 UTC
1679,180,195.112.216.95,TV,Unknown,Edge,2021-11-18T14:38:44Z,2021-11-18 16:36:52 UTC
1680,181,83.59.126.66,desktop,Linux,Firefox,2021-04-21T12:29:19Z,2021-04-21 15:01:06 UTC
1681,182,231.234.25.187,smartphone,OS X,KaiOS,2021-02-08T04:44:18Z,2021-02-08 06:58:52 UTC
1682,183,215.14.126.246,TV,Unknown,Other,2021-03-18T21:14:13Z,2021-03-18 23:08:06 UTC
1683,184,97.182.206.208,smartphone,OS X,Puffin,2021-05-28T20:11:02Z,2021-05-28 21:48:34 UTC
1684,185,205.191.230.171,TV,Unknown,Unknown,2021-02-28T07:25:51Z,2021-02-28 07:59:19 UTC
1685,186,118.160.229.71,smartphone,Others,Other,2021-07-02T18:39:02Z,2021-07-02 19:14:21 UTC
1686,187,61.124.201.107,smartphone,OS X,Opera,2021-11-10T03:57:34Z,2021-11-10 05:13:10 UTC
1687,188,47.74.89.236,desktop,OS X,KaiOS,2021-01-19T23:27:01Z,2021-01-19 23:38:56 UTC
1688,189,243.243.107.179,TV,Unknown,Firefox,2021-06-11T03:27:08Z,2021-06-11 04:45:33 UTC
1689,190,127.160.222.181,TV,Unknown,Opera,2021-08-17T22:55:12Z,2021-08-17 23:10:49 UTC
1690,191,76.255.35.35,smartphone,OS X,Firefox,2021-03-27T15:57:36Z,2021-03-27 17:18:02 UTC
1691,192,222.210.216.76,smartphone,Others,Unknown,2021-12-20T07:14:40Z,2021-12-20 08:31:53 UTC
1692,193,55.165.60.13,smartphone,Others,Unknown,2021-06-15T08:01:02Z,2021-06-15 09:58:50 UTC
1693,194,231.35.172.153,desktop,Windows,Chrome,2021-06-27T15:34:16Z,2021-06-27 17:15:22 UTC
1694,195,242.189.23.177,desktop,OS X,Opera,2021-10-28T03:12:06Z,2021-10-28 03:21:47 UTC
1695,196,194.52.215.193,TV,Unknown,Unknown,2021-06-14T08:44:28Z,2021-06-14 08:48:58 UTC
1696,197,142.222.251.200,desktop,OS X,Firefox,2021-02-15T11:26:25Z,2021-02-15 12:22:24 UTC
1697,198,134.156.29.16,smartphone,Others,Other,2021-03-14T18:47:37Z,2021-03-14 21:31:44 UTC
1698,199,83.37.151.176,smartphone,Others,Other,2021-07-06T01:58:31Z,2021-07-06 04:05:33 UTC
1699,200,223.93.184.46,TV,Unknown,Other,2021-07-04T00:53:32Z,2021-07-04 02:54:29 UTC
1700,201,42.31.88.50,smartphone,Others,Android,2021-02-12T17:48:07Z,2021-02-12 18:45:05 UTC
1701,202,51.197.131.225,smartphone,OS X,Safari,2021-09-03T19:59:53Z,2021-09-03 20:20:08 UTC
1702,203,31.94.131.10,desktop,Windows,Opera,2021-03-13T04:22:43Z,2021-03-13 07:19:11 UTC
1703,204,38.97.131.25,smartphone,OS X,Firefox,2021-01-10T04:01:54Z,2021-01-10 05:57:07 UTC
1704,205,232.206.111.167,desktop,Windows,Edge,2021-01-10T23:27:51Z,2021-01-10 23:37:49 UTC
1705,206,179.67.7.138,TV,Unknown,Safari,2021-11-20T12:05:18Z,2021-11-20 14:13:03 UTC
1706,207,170.228.36.229,desktop,Linux,Unknown,2021-11-16T02:17:09Z,2021-11-16 03:39:20 UTC
1707,208,126.200.169.58,desktop,Windows,Unknown,2021-04-11T16:50:04Z,2021-04-11 19:39:00 UTC
1708,209,75.73.239.150,desktop,Windows,Puffin,2021-01-28T11:47:01Z,2021-01-28 12:32:01 UTC
1709,210,217.115.179.253,TV,Unknown,Puffin,2021-02-16T08:01:13Z,2021-02-16 10:25:00 UTC
1710,211,223.239.66.47,TV,Unknown,Puffin,2021-11-03T16:58:51Z,2021-11-03 17:10:51 UTC
1711,212,72.43.150.178,smartphone,OS X,Puffin,2021-09-23T05:08:57Z,2021-09-23 07:33:55 UTC
1712,213,62.72.133.111,desktop,Others,Android,2021-08-21T09:08:49Z,2021-08-21 09:24:27 UTC
1713,214,67.180.140.182,smartphone,Others,Chrome,2021-03-26T23:07:34Z,2021-03-27 00:12:47 UTC
1714,215,154.91.15.81,TV,Unknown,Puffin,2021-11-24T23:53:44Z,2021-11-25 02:08:35 UTC
1715,216,176.231.64.32,TV,Unknown,Chrome,2021-06-08T17:02:28Z,2021-06-08 17:53:47 UTC
1716,217,126.180.13.185,desktop,Chrome OS,Chrome,2021-11-25T01:56:11Z,2021-11-25 03:16:34 UTC
1717,218,201.3.88.108,smartphone,OS X,Other,2021-04-25T02:46:27Z,2021-04-25 04:01:11 UTC
1718,219,232.125.236.221,TV,Unknown,Other,2021-08-22T08:00:18Z,2021-08-22 09:50:03 UTC
1719,220,27.54.163.45,smartphone,OS X,Opera,2021-09-19T13:25:38Z,2021-09-19 15:33:52 UTC
1720,221,155.89.177.123,desktop,Chrome OS,Chrome,2021-01-19T11:50:35Z,2021-01-19 14:11:09 UTC
1721,222,139.158.155.193,smartphone,OS X,Puffin,2021-10-01T08:32:16Z,2021-10-01 10:07:23 UTC
1722,223,189.43.58.146,desktop,Windows,Firefox,2021-02-15T08:47:10Z,2021-02-15 11:00:56 UTC
1723,224,47.77.80.140,smartphone,OS X,Safari,2021-11-04T12:02:39Z,2021-11-04 14:28:02 UTC
1724,225,254.213.6.193,TV,Unknown,Edge,2021-09-25T05:06:19Z,2021-09-25 06:29:55 UTC
1725,226,76.209.134.240,smartphone,Others,Unknown,2021-07-05T02:44:49Z,2021-07-05 03:26:14 UTC
1726,227,158.208.112.151,desktop,Windows,Unknown,2021-10-06T09:34:26Z,2021-10-06 11:14:32 UTC
1727,228,165.155.26.4,TV,Unknown,Chrome,2021-12-11T15:02:11Z,2021-12-11 16:47:30 UTC
1728,229,77.56.79.73,TV,Unknown,Edge,2021-03-16T20:14:28Z,2021-03-16 22:11:32 UTC
1729,230,194.148.128.176,smartphone,Others,Firefox,2021-08-08T18:03:40Z,2021-08-08 18:16:03 UTC
1730,231,28.106.120.176,desktop,OS X,Safari,2021-04-07T09:51:29Z,2021-04-07 11:01:27 UTC
1731,232,134.249.194.154,smartphone,OS X,KaiOS,2021-04-05T07:09:38Z,2021-04-05 08:14:29 UTC
1732,233,214.23.178.140,TV,Unknown,Edge,2021-07-01T02:15:48Z,2021-07-01 03:03:18 UTC
1733,234,141.92.186.212,smartphone,OS X,Puffin,2021-10-20T18:25:40Z,2021-10-20 21:05:58 UTC
1734,235,169.170.83.95,smartphone,Others,Firefox,2021-12-02T17:56:17Z,2021-12-02 20:06:07 UTC
1735,236,167.238.40.239,desktop,Windows,Puffin,2021-12-04T02:56:51Z,2021-12-04 03:19:53 UTC
1736,237,196.18.195.148,desktop,Linux,Puffin,2021-08-15T11:47:08Z,2021-08-15 12:11:50 UTC
1737,238,200.114.33.10,smartphone,OS X,Puffin,2021-04-10T00:16:56Z,2021-04-10 01:45:11 UTC
1738,239,37.51.94.70,TV,Unknown,Unknown,2021-07-06T19:56:15Z,2021-07-06 20:02:39 UTC
1739,240,73.251.227.31,smartphone,OS X,Puffin,2021-08-28T21:53:41Z,2021-08-28 22:20:52 UTC
1740,241,160.83.200.108,desktop,Others,Samsung Internet,2021-06-12T02:54:38Z,2021-06-12 05:23:29 UTC
1741,242,69.70.147.28,smartphone,Others,Samsung Internet,2021-06-21T10:15:55Z,2021-06-21 11:16:37 UTC
1742,243,241.218.216.154,TV,Unknown,Edge,2021-12-03T19:44:07Z,2021-12-03 21:06:43 UTC
1743,244,174.199.158.68,smartphone,OS X,KaiOS,2021-06-15T14:14:52Z,2021-06-15 15:37:38 UTC
1744,245,131.102.126.124,smartphone,Others,Firefox,2021-02-13T17:57:22Z,2021-02-13 20:51:29 UTC
1745,246,14.241.240.37,TV,Unknown,Opera,2021-05-23T15:32:24Z,2021-05-23 16:53:05 UTC
1746,247,75.32.162.102,TV,Unknown,Safari,2021-04-30T18:06:19Z,2021-04-30 20:56:44 UTC
1747,248,26.243.158.64,TV,Unknown,Unknown,2021-11-20T18:57:38Z,2021-11-20 21:47:45 UTC
1748,249,180.249.167.185,desktop,Others,Unknown,2021-08-28T02:20:25Z,2021-08-28 03:28:49 UTC
1749,250,123.221.93.134,smartphone,Others,Samsung Internet,2021-05-02T10:39:28Z,2021-05-02 13:20:43 UTC
1750,251,130.210.58.73,desktop,OS X,Puffin,2021-12-23T18:02:46Z,2021-12-23 18:07:52 UTC
1751,252,215.248.160.197,smartphone,Others,Chrome,2021-07-02T03:02:10Z,2021-07-02 05:54:00 UTC
1752,253,103.27.194.35,desktop,OS X,Opera,2021-02-07T11:37:10Z,2021-02-07 14:27:21 UTC
1753,254,71.216.172.172,TV,Unknown,Opera,2021-12-05T12:57:45Z,2021-12-05 15:31:16 UTC
1754,255,63.47.150.51,desktop,Chrome OS,Chrome,2021-02-09T15:13:41Z,2021-02-09 15:39:44 UTC
1755,256,120.74.234.4,desktop,Linux,Chrome,2021-10-26T23:28:42Z,2021-10-27 01:03:08 UTC
1756,257,107.50.120.213,smartphone,OS X,Other,2021-04-16T16:12:56Z,2021-04-16 16:13:58 UTC
1757,258,209.110.194.10,smartphone,OS X,Puffin,2021-09-18T15:34:06Z,2021-09-18 18:00:03 UTC
1758,259,67.174.235.20,smartphone,Others,Other,2021-06-07T05:26:42Z,2021-06-07 06:55:15 UTC
1759,260,193.53.73.125,smartphone,OS X,Firefox,2021-02-07T15:00:33Z,2021-02-07 15:46:53 UTC
1760,261,164.112.217.55,desktop,Windows,Chrome,2021-11-19T16:27:34Z,2021-11-19 17:58:59 UTC
1761,262,10.214.12.11,desktop,Linux,Firefox,2021-02-13T08:34:58Z,2021-02-13 11:30:06 UTC
1762,263,238.231.127.158,desktop,Linux,Puffin,2021-03-08T14:28:30Z,2021-03-08 14:33:19 UTC
1763,264,184.163.38.3,desktop,OS X,Safari,2021-01-31T14:57:40Z,2021-01-31 16:40:22 UTC
1764,265,239.190.215.154,desktop,OS X,KaiOS,2021-09-12T12:56:10Z,2021-09-12 13:07:44 UTC
1765,266,221.55.82.101,TV,Unknown,Chrome,2021-12-05T05:51:59Z,2021-12-05 06:19:53 UTC
1766,267,79.108.212.60,TV,Unknown,Safari,2021-08-23T08:41:47Z,2021-08-23 09:26:10 UTC
1767,268,139.116.47.4,TV,Unknown,Puffin,2021-06-11T16:09:33Z,2021-06-11 17:06:10 UTC
1768,269,190.99.145.181,TV,Unknown,Puffin,2021-08-26T07:24:50Z,2021-08-26 08:46:16 UTC
1769,270,102.211.205.38,desktop,Linux,Puffin,2021-01-31T08:45:32Z,2021-01-31 11:17:22 UTC
1770,271,214.186.240.210,desktop,OS X,KaiOS,2021-03-12T08:11:28Z,2021-03-12 10:29:08 UTC
1771,272,176.220.172.103,TV,Unknown,Firefox,2021-04-19T11:56:17Z,2021-04-19 12:41:48 UTC
1772,273,144.175.222.154,desktop,Others,Other,2021-07-30T18:41:09Z,2021-07-30 19:44:53 UTC
1773,274,132.116.29.248,desktop,Linux,Firefox,2021-10-12T11:41:53Z,2021-10-12 12:40:39 UTC
1774,275,51.11.205.69,TV,Unknown,Firefox,2021-03-16T00:08:17Z,2021-03-16 01:38:34 UTC
1775,276,248.199.90.130,desktop,Windows,Other,2021-05-06T23:43:41Z,2021-05-07 00:25:59 UTC
1776,277,204.68.72.26,smartphone,Others,Other,2021-09-22T23:43:39Z,2021-09-22 23:51:55 UTC
1777,278,109.95.154.193,TV,Unknown,KaiOS,2021-10-14T20:32:12Z,2021-10-14 21:24:31 UTC
1778,279,129.5.135.107,TV,Unknown,Unknown,2021-01-16T18:49:52Z,2021-01-16 21:02:51 UTC
1779,280,119.152.56.154,desktop,Windows,Other,2021-06-20T01:01:37Z,2021-06-20 02:18:44 UTC
1780,281,149.177.198.200,TV,Unknown,Firefox,2021-11-30T12:30:45Z,2021-11-30 14:04:23 UTC
1781,282,38.243.93.91,smartphone,OS X,Opera,2021-02-26T19:06:49Z,2021-02-26 21:12:26 UTC
1782,283,188.211.213.116,desktop,Others,Firefox,2021-06-21T05:40:26Z,2021-06-21 08:25:01 UTC
1783,284,37.60.68.216,TV,Unknown,Firefox,2021-11-26T08:17:27Z,2021-11-26 09:45:18 UTC
1784,285,221.207.17.219,TV,Unknown,Edge,2021-01-17T02:47:11Z,2021-01-17 05:32:03 UTC
1785,286,179.161.170.253,desktop,Others,Firefox,2021-07-07T02:09:37Z,2021-07-07 04:34:38 UTC
1786,287,69.108.68.11,desktop,OS X,Opera,2021-01-08T19:07:05Z,2021-01-08 19:32:22 UTC
1787,288,254.67.184.104,TV,Unknown,Other,2021-10-14T21:18:11Z,2021-10-14 21:57:04 UTC
1788,289,139.62.76.91,smartphone,Others,Samsung Internet,2021-09-15T11:38:27Z,2021-09-15 13:29:22 UTC
1789,290,53.117.97.239,TV,Unknown,Firefox,2021-09-24T20:37:58Z,2021-09-24 20:45:21 UTC
1790,291,246.218.148.202,TV,Unknown,Chrome,2021-02-07T13:10:12Z,2021-02-07 14:24:36 UTC
1791,292,215.86.84.78,desktop,Windows,Edge,2021-05-16T00:30:18Z,2021-05-16 00:59:23 UTC
1792,293,185.44.150.104,smartphone,OS X,Puffin,2021-05-04T19:20:05Z,2021-05-04 22:16:39 UTC
1793,294,56.147.94.34,smartphone,Others,Android,2021-06-13T11:54:53Z,2021-06-13 13:34:14 UTC
1794,295,201.126.166.27,TV,Unknown,Unknown,2021-12-28T03:38:26Z,2021-12-28 04:38:33 UTC
1795,296,104.147.87.202,TV,Unknown,Firefox,2021-10-15T18:07:45Z,2021-10-15 19:41:59 UTC
1796,297,161.248.228.213,desktop,Others,Samsung Internet,2021-10-11T14:35:53Z,2021-10-11 16:50:53 UTC
1797,298,40.101.157.143,smartphone,OS X,Firefox,2021-12-15T22:18:01Z,2021-12-15 23:17:51 UTC
1798,299,72.14.38.43,TV,Unknown,Firefox,2021-09-21T20:04:59Z,2021-09-21 22:47:37 UTC
1799,300,140.65.61.83,smartphone,OS X,Firefox,2021-06-30T16:51:32Z,2021-06-30 17:54:51 UTC
1800,301,20.158.117.178,smartphone,Others,Firefox,2021-06-30T11:21:23Z,2021-06-30 13:15:43 UTC
1801,302,72.95.240.66,TV,Unknown,KaiOS,2021-10-09T11:05:20Z,2021-10-09 11:09:47 UTC
1802,303,168.216.248.84,smartphone,Others,Android,2021-09-14T17:51:45Z,2021-09-14 19:54:10 UTC
1803,304,35.209.237.237,desktop,Windows,Other,2021-06-19T10:47:24Z,2021-06-19 13:20:04 UTC
1804,305,215.135.244.217,smartphone,Others,Samsung Internet,2021-03-07T02:27:23Z,2021-03-07 02:32:48 UTC
1805,306,114.18.39.172,desktop,Chrome OS,Chrome,2021-12-27T07:52:13Z,2021-12-27 10:34:06 UTC
1806,307,150.33.196.185,desktop,Linux,Chrome,2021-04-05T16:31:26Z,2021-04-05 16:52:44 UTC
1807,308,224.107.53.191,smartphone,Others,Other,2021-11-09T05:46:52Z,2021-11-09 06:10:48 UTC
1808,309,151.109.179.153,smartphone,Others,Chrome,2021-05-10T17:59:16Z,2021-05-10 19:29:43 UTC
1809,310,90.8.100.7,smartphone,Others,Other,2021-09-20T06:31:47Z,2021-09-20 06:55:35 UTC
1810,311,251.167.112.250,TV,Unknown,Unknown,2021-02-09T16:18:21Z,2021-02-09 17:58:07 UTC
1811,312,75.56.72.18,desktop,OS X,Unknown,2021-01-25T18:32:42Z,2021-01-25 18:45:37 UTC
1812,313,220.151.137.200,desktop,OS X,Puffin,2021-11-15T07:43:42Z,2021-11-15 10:20:35 UTC
1813,314,108.174.254.129,smartphone,Others,Other,2021-09-15T06:06:42Z,2021-09-15 06:32:29 UTC
1814,315,136.164.138.149,smartphone,Others,Chrome,2021-08-07T17:06:54Z,2021-08-07 17:27:25 UTC
1815,316,179.248.23.110,TV,Unknown,Safari,2021-07-22T02:56:18Z,2021-07-22 05:21:35 UTC
1816,317,200.44.247.91,desktop,OS X,Firefox,2021-06-30T13:28:08Z,2021-06-30 13:30:29 UTC
1817,318,223.69.147.169,smartphone,Others,Unknown,2021-11-27T19:48:51Z,2021-11-27 21:03:26 UTC
1818,319,170.9.241.135,desktop,OS X,Puffin,2021-11-12T06:55:42Z,2021-11-12 07:15:19 UTC
1819,320,196.64.103.85,smartphone,OS X,Puffin,2021-10-04T10:15:07Z,2021-10-04 13:01:46 UTC
1820,321,185.194.234.44,desktop,OS X,Opera,2021-10-04T09:19:08Z,2021-10-04 09:31:21 UTC
1821,322,0.33.152.149,TV,Unknown,Safari,2021-04-20T09:17:17Z,2021-04-20 11:34:44 UTC
1822,323,48.200.177.172,smartphone,OS X,Unknown,2021-01-11T18:35:52Z,2021-01-11 20:14:21 UTC
1823,324,231.102.68.102,smartphone,Others,Unknown,2021-08-16T14:59:16Z,2021-08-16 16:41:05 UTC
1824,325,245.254.180.16,desktop,Linux,Puffin,2021-08-25T05:04:55Z,2021-08-25 08:03:52 UTC
1825,326,101.251.201.232,smartphone,OS X,Opera,2021-04-17T19:24:06Z,2021-04-17 21:49:49 UTC
1826,327,17.207.69.97,desktop,Windows,Other,2021-05-07T15:26:40Z,2021-05-07 17:20:24 UTC
1827,328,162.54.11.98,TV,Unknown,Opera,2021-09-18T14:47:01Z,2021-09-18 17:07:55 UTC
1828,329,99.230.116.217,TV,Unknown,Puffin,2021-02-21T07:37:41Z,2021-02-21 09:10:48 UTC
1829,330,19.32.177.173,TV,Unknown,Safari,2021-07-10T13:22:00Z,2021-07-10 15:42:50 UTC
1830,331,176.212.26.202,TV,Unknown,Opera,2021-12-16T19:34:03Z,2021-12-16 20:31:37 UTC
1831,332,151.24.147.215,TV,Unknown,Unknown,2021-03-18T10:04:16Z,2021-03-18 12:49:32 UTC
1832,333,251.191.49.210,smartphone,OS X,Safari,2021-07-28T04:19:27Z,2021-07-28 06:57:24 UTC
1833,334,191.255.45.5,desktop,OS X,KaiOS,2021-07-18T07:09:22Z,2021-07-18 10:04:29 UTC
1834,335,189.148.65.89,smartphone,Others,Chrome,2021-02-13T07:46:40Z,2021-02-13 10:20:25 UTC
1835,336,115.172.220.166,desktop,Others,Chrome,2021-01-14T17:46:05Z,2021-01-14 19:35:44 UTC
1836,337,1.5.15.192,desktop,Windows,Other,2021-02-08T12:05:59Z,2021-02-08 12:13:38 UTC
1837,338,235.8.232.103,desktop,Chrome OS,Chrome,2021-11-23T15:37:08Z,2021-11-23 17:37:26 UTC
1838,339,107.241.118.200,desktop,Linux,Chromium,2021-03-07T12:41:42Z,2021-03-07 13:44:02 UTC
1839,340,86.69.243.97,smartphone,Others,Unknown,2021-01-26T08:40:41Z,2021-01-26 10:18:14 UTC
1840,341,246.41.75.50,TV,Unknown,Other,2021-02-26T11:51:24Z,2021-02-26 11:59:45 UTC
1841,342,93.191.43.58,TV,Unknown,Puffin,2021-01-17T06:56:44Z,2021-01-17 08:46:43 UTC
1842,343,134.244.169.215,desktop,Windows,Other,2021-01-14T03:23:59Z,2021-01-14 03:56:27 UTC
1843,344,232.101.230.68,desktop,Others,Firefox,2021-09-06T11:14:21Z,2021-09-06 12:23:44 UTC
1844,345,147.120.229.102,smartphone,OS X,Unknown,2021-04-13T13:08:12Z,2021-04-13 15:24:07 UTC
1845,346,39.116.172.70,desktop,Others,Samsung Internet,2021-01-26T18:35:56Z,2021-01-26 21:29:42 UTC
1846,347,130.140.90.85,smartphone,OS X,Opera,2021-02-10T04:10:41Z,2021-02-10 05:37:59 UTC
1847,348,32.253.177.153,desktop,Others,Samsung Internet,2021-05-30T09:29:23Z,2021-05-30 11:20:21 UTC
1848,349,169.181.70.7,smartphone,Others,Chrome,2021-07-23T00:05:15Z,2021-07-23 00:53:26 UTC
1849,350,220.164.100.53,desktop,Chrome OS,Chrome,2021-03-02T04:17:23Z,2021-03-02 05:52:51 UTC
1850,351,182.48.110.64,TV,Unknown,Firefox,2021-11-16T22:59:14Z,2021-11-17 01:22:41 UTC
1851,352,128.123.93.211,TV,Unknown,Puffin,2021-11-24T00:48:08Z,2021-11-24 03:10:40 UTC
1852,353,199.80.201.36,desktop,OS X,Safari,2021-09-21T09:57:14Z,2021-09-21 11:58:24 UTC
1853,354,2.3.71.76,desktop,Linux,Chrome,2021-11-03T14:20:41Z,2021-11-03 15:45:03 UTC
1854,355,74.140.146.41,desktop,Linux,Chromium,2021-05-21T22:18:04Z,2021-05-22 00:35:35 UTC
1855,356,146.58.21.123,desktop,Linux,Unknown,2021-01-26T02:40:01Z,2021-01-26 04:20:13 UTC
1856,357,179.132.136.110,smartphone,OS X,Firefox,2021-11-21T16:00:06Z,2021-11-21 17:29:36 UTC
1857,358,88.59.66.209,smartphone,Others,Unknown,2021-02-20T06:42:49Z,2021-02-20 09:22:16 UTC
1858,359,248.101.4.114,smartphone,Others,Other,2021-09-16T05:33:44Z,2021-09-16 06:46:48 UTC
1859,360,78.130.232.186,smartphone,OS X,Safari,2021-08-08T10:33:04Z,2021-08-08 10:54:30 UTC
1860,361,43.159.244.149,desktop,Windows,Other,2021-04-30T18:37:51Z,2021-04-30 20:52:23 UTC
1861,362,99.197.97.26,smartphone,OS X,Opera,2021-05-04T17:22:17Z,2021-05-04 17:31:52 UTC
1862,363,95.112.101.179,desktop,Chrome OS,Chrome,2021-11-12T17:08:30Z,2021-11-12 19:12:36 UTC
1863,364,202.161.239.234,TV,Unknown,Edge,2021-03-25T03:25:34Z,2021-03-25 03:31:42 UTC
1864,365,107.98.112.112,desktop,Linux,Chrome,2021-03-22T17:00:17Z,2021-03-22 17:37:02 UTC
1865,366,37.237.215.52,desktop,Others,Android,2021-10-09T22:47:35Z,2021-10-09 23:59:19 UTC
1866,367,101.95.159.126,TV,Unknown,Other,2021-12-30T14:59:11Z,2021-12-30 17:13:54 UTC
1867,368,179.239.150.210,smartphone,Others,Chrome,2021-10-28T19:33:23Z,2021-10-28 21:42:41 UTC
1868,369,125.9.0.39,smartphone,Others,Android,2021-02-24T22:49:11Z,2021-02-25 01:00:53 UTC
1869,370,59.180.211.44,desktop,Linux,Unknown,2021-01-15T16:06:32Z,2021-01-15 18:42:17 UTC
1870,371,234.224.93.215,TV,Unknown,Puffin,2021-05-18T05:08:17Z,2021-05-18 05:18:19 UTC
1871,372,206.90.238.40,TV,Unknown,Edge,2021-04-08T10:11:22Z,2021-04-08 11:12:21 UTC
1872,373,59.89.91.77,smartphone,Others,Android,2021-08-20T15:43:46Z,2021-08-20 18:35:46 UTC
1873,374,34.115.59.146,smartphone,Others,Unknown,2021-06-25T03:16:43Z,2021-06-25 04:19:51 UTC
1874,375,10.78.152.237,TV,Unknown,Safari,2021-06-19T03:32:35Z,2021-06-19 03:41:51 UTC
1875,376,29.147.235.211,TV,Unknown,Unknown,2021-05-09T15:47:41Z,2021-05-09 18:42:46 UTC
1876,377,81.64.228.217,TV,Unknown,Unknown,2021-07-12T01:04:37Z,2021-07-12 01:13:28 UTC
1877,378,190.220.138.205,TV,Unknown,KaiOS,2021-02-04T00:05:58Z,2021-02-04 01:00:07 UTC
1878,379,5.21.74.10,desktop,OS X,Unknown,2021-06-01T03:04:21Z,2021-06-01 04:42:23 UTC
1879,380,225.174.148.151,TV,Unknown,Puffin,2021-01-06T04:08:15Z,2021-01-06 06:43:30 UTC
1880,381,223.97.152.151,TV,Unknown,Opera,2021-06-16T12:23:10Z,2021-06-16 15:00:13 UTC
1881,382,92.7.27.2,TV,Unknown,Firefox,2021-10-24T15:05:19Z,2021-10-24 16:25:24 UTC
1882,383,208.32.253.53,smartphone,Others,Other,2021-02-02T12:18:15Z,2021-02-02 13:40:49 UTC
1883,384,164.63.206.215,smartphone,OS X,Opera,2021-10-06T04:35:23Z,2021-10-06 05:42:37 UTC
1884,385,56.66.69.1,desktop,Chrome OS,Chrome,2021-04-10T09:12:15Z,2021-04-10 09:45:16 UTC
1885,386,196.121.89.252,TV,Unknown,Other,2021-01-11T10:26:02Z,2021-01-11 10:54:57 UTC
1886,387,115.230.69.26,TV,Unknown,Puffin,2021-06-09T06:39:09Z,2021-06-09 08:12:38 UTC
1887,388,10.150.254.87,TV,Unknown,Firefox,2021-04-27T08:46:15Z,2021-04-27 10:25:12 UTC
1888,389,88.87.85.204,desktop,OS X,Puffin,2021-07-16T18:47:49Z,2021-07-16 19:48:09 UTC
1889,390,242.200.44.87,smartphone,Others,Other,2021-06-15T10:45:32Z,2021-06-15 11:27:25 UTC
1890,391,222.128.100.239,desktop,Chrome OS,Chrome,2021-05-27T20:15:30Z,2021-05-27 22:18:20 UTC
1891,392,7.198.228.61,TV,Unknown,Unknown,2021-06-29T13:15:47Z,2021-06-29 15:22:22 UTC
1892,393,173.129.136.120,TV,Unknown,Chrome,2021-08-24T13:17:43Z,2021-08-24 14:15:01 UTC
1893,394,110.102.93.237,desktop,Linux,Chromium,2021-03-21T16:06:05Z,2021-03-21 17:12:51 UTC
1894,395,38.162.98.160,desktop,Chrome OS,Chrome,2021-06-25T16:43:23Z,2021-06-25 17:07:24 UTC
1895,396,192.130.173.89,TV,Unknown,Opera,2021-02-12T23:06:03Z,2021-02-13 00:20:12 UTC
1896,397,241.67.227.246,TV,Unknown,Opera,2021-12-07T12:54:54Z,2021-12-07 14:59:10 UTC
1897,398,19.59.138.171,desktop,Windows,Edge,2021-02-22T04:14:43Z,2021-02-22 04:41:14 UTC
1898,399,210.206.143.168,smartphone,OS X,Unknown,2021-05-20T07:00:03Z,2021-05-20 07:18:47 UTC
1899,400,93.64.9.244,TV,Unknown,Safari,2021-02-09T07:15:35Z,2021-02-09 07:44:41 UTC
1900,401,142.113.181.164,smartphone,OS X,Unknown,2021-06-11T01:40:42Z,2021-06-11 02:45:24 UTC
1901,402,158.215.46.150,TV,Unknown,KaiOS,2021-11-14T07:57:27Z,2021-11-14 09:22:32 UTC
1902,403,222.7.94.242,smartphone,OS X,Other,2021-07-06T01:38:12Z,2021-07-06 03:08:23 UTC
1903,404,76.179.238.140,desktop,Linux,Chrome,2021-01-21T02:44:44Z,2021-01-21 03:07:13 UTC
1904,405,230.59.158.53,desktop,Others,Unknown,2021-12-25T12:02:07Z,2021-12-25 13:39:04 UTC
1905,406,71.130.178.188,smartphone,OS X,Opera,2021-09-26T00:23:33Z,2021-09-26 00:34:29 UTC
1906,407,44.220.78.226,TV,Unknown,Firefox,2021-11-05T11:39:10Z,2021-11-05 14:34:02 UTC
1907,408,36.180.134.150,TV,Unknown,Safari,2021-05-27T12:49:46Z,2021-05-27 15:26:01 UTC
1908,409,64.219.185.174,desktop,Windows,Firefox,2021-11-22T23:30:22Z,2021-11-23 00:54:20 UTC
1909,410,41.234.132.225,smartphone,Others,Samsung Internet,2021-07-02T16:06:38Z,2021-07-02 16:21:46 UTC
1910,411,149.158.127.187,desktop,Chrome OS,Chrome,2021-10-02T18:57:08Z,2021-10-02 21:46:33 UTC
1911,412,138.161.225.61,desktop,OS X,Opera,2021-11-01T03:28:55Z,2021-11-01 04:34:47 UTC
1912,413,254.0.227.169,desktop,Windows,Edge,2021-05-11T22:12:19Z,2021-05-11 23:54:24 UTC
1913,414,39.200.91.97,desktop,Others,Chrome,2021-11-27T23:45:51Z,2021-11-28 02:26:07 UTC
1914,415,79.4.208.49,TV,Unknown,Unknown,2021-02-16T19:48:11Z,2021-02-16 21:35:49 UTC
1915,416,177.236.184.16,TV,Unknown,Chrome,2021-08-08T14:23:15Z,2021-08-08 16:24:12 UTC
1916,417,76.152.27.43,desktop,Windows,Other,2021-06-08T23:20:11Z,2021-06-09 01:44:43 UTC
1917,418,15.173.244.61,desktop,Others,Firefox,2021-07-18T00:56:53Z,2021-07-18 02:34:43 UTC
1918,419,209.153.65.250,smartphone,Others,Samsung Internet,2021-03-01T22:42:13Z,2021-03-01 22:54:33 UTC
1919,420,150.194.44.142,desktop,Chrome OS,Chrome,2021-05-19T03:22:43Z,2021-05-19 05:54:16 UTC
1920,421,149.25.152.57,desktop,Others,Chrome,2022-01-02T16:01:23Z,2022-01-02 18:09:39 UTC
1921,422,199.91.127.176,TV,Unknown,Opera,2021-04-03T18:43:57Z,2021-04-03 19:43:50 UTC
1922,423,102.195.210.152,smartphone,Others,Android,2021-05-09T15:03:09Z,2021-05-09 16:10:16 UTC
1923,424,226.5.98.73,smartphone,Others,Firefox,2021-01-27T08:53:07Z,2021-01-27 10:07:16 UTC
1924,425,143.54.86.3,desktop,Others,Firefox,2021-04-14T21:58:45Z,2021-04-14 23:38:57 UTC
1925,426,171.202.182.200,smartphone,Others,Unknown,2021-05-12T05:43:18Z,2021-05-12 06:22:16 UTC
1926,427,246.174.169.98,desktop,Linux,Chromium,2021-02-27T08:34:23Z,2021-02-27 11:01:17 UTC
1927,428,94.94.105.250,desktop,Others,Samsung Internet,2021-03-08T03:10:24Z,2021-03-08 05:37:23 UTC
1928,429,33.246.26.201,smartphone,Others,Chrome,2021-03-16T15:06:34Z,2021-03-16 17:13:33 UTC
1929,430,48.177.68.203,TV,Unknown,Other,2021-05-19T23:42:10Z,2021-05-20 00:42:10 UTC
1930,431,156.20.160.201,smartphone,OS X,Unknown,2021-02-27T21:02:52Z,2021-02-27 22:50:05 UTC
1931,432,28.113.197.236,TV,Unknown,Unknown,2021-11-01T08:06:09Z,2021-11-01 10:14:49 UTC
1932,433,1.124.13.153,TV,Unknown,Safari,2021-03-24T23:26:00Z,2021-03-25 01:17:03 UTC
1933,434,11.135.230.45,TV,Unknown,KaiOS,2021-02-14T04:25:18Z,2021-02-14 06:36:49 UTC
1934,435,34.208.163.135,smartphone,Others,Android,2021-08-08T02:34:15Z,2021-08-08 05:25:43 UTC
1935,436,36.66.144.23,smartphone,Others,Other,2021-07-17T04:31:57Z,2021-07-17 04:58:45 UTC
1936,437,129.138.161.141,TV,Unknown,Chrome,2021-03-17T01:49:30Z,2021-03-17 03:48:15 UTC
1937,438,242.99.166.102,smartphone,Others,Firefox,2021-04-06T19:05:12Z,2021-04-06 20:26:06 UTC
1938,439,122.227.172.108,desktop,Others,Other,2021-07-14T03:22:14Z,2021-07-14 05:59:29 UTC
1939,440,247.204.105.29,desktop,Chrome OS,Chrome,2021-07-30T14:54:03Z,2021-07-30 17:54:48 UTC
1940,441,220.129.76.156,smartphone,OS X,Opera,2021-12-01T15:58:14Z,2021-12-01 17:43:51 UTC
1941,442,187.104.191.217,smartphone,Others,Chrome,2021-08-03T18:57:43Z,2021-08-03 20:39:20 UTC
1942,443,130.88.85.248,smartphone,Others,Android,2021-07-02T16:42:08Z,2021-07-02 17:48:40 UTC
1943,444,182.31.196.243,smartphone,Others,Chrome,2021-04-27T22:09:06Z,2021-04-27 22:30:40 UTC
1944,445,146.31.159.88,TV,Unknown,KaiOS,2021-05-02T19:35:25Z,2021-05-02 22:12:40 UTC
1945,446,15.48.55.10,desktop,Others,Firefox,2021-04-05T14:53:02Z,2021-04-05 16:06:06 UTC
1946,447,3.157.195.50,desktop,Linux,Firefox,2021-08-17T17:21:39Z,2021-08-17 17:28:12 UTC
1947,448,50.31.101.205,desktop,OS X,KaiOS,2021-07-06T19:28:35Z,2021-07-06 21:13:19 UTC
1948,449,242.201.165.18,smartphone,Others,Chrome,2021-02-10T23:46:44Z,2021-02-11 02:38:21 UTC
1949,450,18.74.63.61,desktop,OS X,Unknown,2021-10-21T06:07:11Z,2021-10-21 06:49:11 UTC
1950,451,148.209.187.162,TV,Unknown,Puffin,2021-11-16T16:12:54Z,2021-11-16 17:38:33 UTC
1951,452,171.121.150.230,desktop,Windows,Edge,2021-10-06T08:03:26Z,2021-10-06 09:15:58 UTC
1952,453,43.185.91.61,desktop,Linux,Opera,2021-07-16T01:54:43Z,2021-07-16 03:43:42 UTC
1953,454,44.201.214.60,desktop,OS X,KaiOS,2021-03-01T07:05:19Z,2021-03-01 09:07:40 UTC
1954,455,123.83.12.19,smartphone,Others,Android,2021-03-28T08:23:47Z,2021-03-28 08:30:53 UTC
1955,456,47.14.103.72,smartphone,OS X,Puffin,2021-06-05T16:18:04Z,2021-06-05 16:58:12 UTC
1956,457,140.77.216.233,smartphone,Others,Chrome,2021-11-12T14:03:55Z,2021-11-12 14:08:10 UTC
1957,458,78.35.254.170,desktop,Windows,Other,2021-04-14T18:47:02Z,2021-04-14 19:48:37 UTC
1958,459,9.244.24.233,TV,Unknown,Opera,2021-04-24T11:19:35Z,2021-04-24 12:23:24 UTC
1959,460,100.99.121.71,desktop,Chrome OS,Chrome,2021-04-02T23:04:15Z,2021-04-03 00:32:05 UTC
1960,461,192.160.232.17,desktop,Others,Samsung Internet,2021-04-21T07:27:18Z,2021-04-21 09:53:09 UTC
1961,462,91.78.228.187,desktop,Chrome OS,Chrome,2021-12-07T18:22:28Z,2021-12-07 18:30:37 UTC
1962,463,220.194.145.249,TV,Unknown,Unknown,2021-02-17T02:28:33Z,2021-02-17 03:07:23 UTC
1963,464,36.250.101.58,smartphone,OS X,Unknown,2021-08-08T00:26:44Z,2021-08-08 02:30:44 UTC
1964,465,216.22.33.23,desktop,Linux,Puffin,2021-05-21T10:21:16Z,2021-05-21 11:41:30 UTC
1965,466,234.241.230.2,desktop,Others,Chrome,2021-07-29T01:16:44Z,2021-07-29 02:41:23 UTC
1966,467,195.193.212.140,TV,Unknown,Edge,2021-05-22T13:23:49Z,2021-05-22 13:57:39 UTC
1967,468,137.44.18.189,smartphone,Others,Unknown,2021-12-27T01:07:15Z,2021-12-27 01:44:31 UTC
1968,469,134.22.42.189,smartphone,Others,Samsung Internet,2021-05-15T09:26:05Z,2021-05-15 11:36:49 UTC
1969,470,166.189.157.56,desktop,Linux,Unknown,2021-08-30T08:39:52Z,2021-08-30 10:58:12 UTC
1970,471,170.178.39.195,desktop,OS X,Other,2021-01-11T00:32:16Z,2021-01-11 01:12:10 UTC
1971,472,38.0.170.90,desktop,Windows,Unknown,2021-08-15T04:51:49Z,2021-08-15 06:45:18 UTC
1972,473,248.152.231.139,desktop,Others,Android,2021-10-12T05:23:20Z,2021-10-12 07:04:27 UTC
1973,474,42.3.100.182,smartphone,Others,Samsung Internet,2021-01-07T16:20:30Z,2021-01-07 17:37:33 UTC
1974,475,209.97.131.63,TV,Unknown,Puffin,2021-04-30T05:41:52Z,2021-04-30 06:47:30 UTC
1975,476,186.201.25.99,desktop,Windows,Opera,2021-03-21T07:43:36Z,2021-03-21 08:08:36 UTC
1976,477,63.193.33.28,smartphone,Others,Samsung Internet,2021-08-13T14:05:04Z,2021-08-13 14:20:45 UTC
1977,478,120.74.87.85,desktop,Chrome OS,Chrome,2021-09-17T20:17:07Z,2021-09-17 21:53:03 UTC
1978,479,88.248.101.175,desktop,Chrome OS,Chrome,2022-01-02T10:02:02Z,2022-01-02 11:25:16 UTC
1979,480,216.67.109.12,TV,Unknown,Unknown,2021-04-25T07:19:20Z,2021-04-25 07:34:58 UTC
1980,481,205.8.111.58,TV,Unknown,Unknown,2021-05-23T23:23:41Z,2021-05-24 00:17:07 UTC
1981,482,135.55.27.241,TV,Unknown,Opera,2021-02-15T01:39:09Z,2021-02-15 04:30:00 UTC
1982,483,13.78.59.138,desktop,OS X,Puffin,2021-08-18T22:53:26Z,2021-08-19 01:28:42 UTC
1983,484,32.108.95.219,TV,Unknown,Edge,2021-04-24T18:41:02Z,2021-04-24 19:33:30 UTC
1984,485,93.57.82.204,TV,Unknown,Edge,2021-06-03T20:48:47Z,2021-06-03 22:06:06 UTC
1985,486,0.3.179.45,desktop,Chrome OS,Chrome,2021-10-13T15:47:37Z,2021-10-13 18:19:20 UTC
1986,487,51.33.175.51,TV,Unknown,KaiOS,2021-08-28T20:42:29Z,2021-08-28 21:46:35 UTC
1987,488,170.88.145.223,desktop,Others,Android,2021-12-28T17:47:13Z,2021-12-28 19:10:20 UTC
1988,489,210.192.66.98,TV,Unknown,Edge,2021-06-09T09:13:13Z,2021-06-09 10:21:36 UTC
1989,490,21.150.198.220,TV,Unknown,Puffin,2021-10-25T07:39:17Z,2021-10-25 08:23:38 UTC
1990,491,164.55.105.88,smartphone,Others,Unknown,2021-08-31T05:48:06Z,2021-08-31 06:31:08 UTC
1991,492,148.21.142.155,TV,Unknown,Other,2021-07-09T15:09:02Z,2021-07-09 15:57:11 UTC
1992,493,22.47.50.129,desktop,OS X,Puffin,2021-01-18T04:07:56Z,2021-01-18 06:20:17 UTC
1993,494,115.2.205.147,smartphone,OS X,Other,2021-12-13T05:15:48Z,2021-12-13 05:36:16 UTC
1994,495,108.155.235.24,smartphone,OS X,Safari,2021-07-29T14:45:23Z,2021-07-29 17:11:13 UTC
1995,496,66.120.137.57,smartphone,OS X,Firefox,2021-04-25T06:41:33Z,2021-04-25 07:53:25 UTC
1996,497,113.95.214.199,smartphone,OS X,Other,2021-11-14T09:28:01Z,2021-11-14 10:34:13 UTC
1997,498,11.174.190.78,smartphone,OS X,Safari,2021-11-13T21:35:30Z,2021-11-13 22:15:17 UTC
1998,499,93.229.67.227,smartphone,Others,Other,2021-06-09T20:46:32Z,2021-06-09 21:23:34 UTC
1999,500,58.218.82.122,smartphone,Others,Android,2021-02-27T07:15:58Z,2021-02-27 08:51:52 UTC
2000,501,254.133.46.86,desktop,Linux,Chromium,2021-01-31T05:00:15Z,2021-01-31 07:52:37 UTC
2001,502,33.46.162.192,TV,Unknown,Safari,2021-10-31T00:57:18Z,2021-10-31 03:17:30 UTC
2002,503,29.216.184.81,desktop,OS X,Opera,2021-01-12T09:40:00Z,2021-01-12 11:52:09 UTC
2003,504,65.189.204.62,smartphone,OS X,Safari,2021-03-17T20:08:20Z,2021-03-17 21:49:17 UTC
2004,505,216.209.28.88,desktop,Windows,Chrome,2021-11-12T23:50:45Z,2021-11-13 00:25:41 UTC
2005,506,162.193.222.123,TV,Unknown,Chrome,2021-05-26T13:28:12Z,2021-05-26 14:52:51 UTC
2006,507,202.76.133.197,smartphone,OS X,Safari,2021-11-16T06:00:17Z,2021-11-16 06:13:51 UTC
2007,508,167.244.166.92,smartphone,OS X,Other,2021-02-18T08:44:25Z,2021-02-18 09:41:29 UTC
2008,509,117.69.92.222,TV,Unknown,Unknown,2021-11-26T05:57:45Z,2021-11-26 07:42:23 UTC
2009,510,173.24.152.112,smartphone,OS X,Unknown,2021-07-06T06:52:44Z,2021-07-06 08:40:02 UTC
2010,511,133.232.85.9,desktop,Chrome OS,Chrome,2021-07-24T00:06:08Z,2021-07-24 02:23:23 UTC
2011,512,124.178.131.171,desktop,Others,Android,2021-11-06T13:23:32Z,2021-11-06 14:43:41 UTC
2012,513,243.129.97.42,smartphone,OS X,KaiOS,2021-07-16T02:27:32Z,2021-07-16 04:37:09 UTC
2013,514,220.116.35.206,TV,Unknown,Other,2021-10-17T19:21:08Z,2021-10-17 21:15:20 UTC
2014,515,165.112.96.165,desktop,OS X,Firefox,2021-04-23T16:24:56Z,2021-04-23 18:45:13 UTC
2015,516,239.140.95.48,TV,Unknown,Puffin,2021-05-23T14:55:22Z,2021-05-23 17:23:04 UTC
2016,517,194.183.120.66,TV,Unknown,Other,2021-11-10T03:08:06Z,2021-11-10 05:49:42 UTC
2017,518,124.135.82.2,desktop,Chrome OS,Chrome,2021-08-22T11:21:05Z,2021-08-22 13:55:05 UTC
2018,519,228.15.251.55,desktop,Chrome OS,Chrome,2021-02-09T06:39:52Z,2021-02-09 07:47:36 UTC
2019,520,219.143.96.16,TV,Unknown,Firefox,2021-05-31T09:02:09Z,2021-05-31 09:46:23 UTC
2020,521,228.77.148.73,smartphone,OS X,Opera,2021-08-10T09:01:48Z,2021-08-10 12:02:27 UTC
2021,522,28.246.33.169,smartphone,Others,Samsung Internet,2021-02-16T01:32:46Z,2021-02-16 04:23:51 UTC
2022,523,168.94.222.7,desktop,Chrome OS,Chrome,2021-01-28T12:51:59Z,2021-01-28 15:13:59 UTC
2023,524,39.180.45.90,TV,Unknown,Firefox,2021-12-06T12:08:12Z,2021-12-06 15:00:33 UTC
2024,525,132.20.79.208,smartphone,OS X,Opera,2021-08-16T05:18:20Z,2021-08-16 06:21:32 UTC
2025,526,25.84.32.238,smartphone,Others,Samsung Internet,2021-07-11T22:47:37Z,2021-07-12 01:12:32 UTC
2026,527,147.115.38.154,smartphone,Others,Samsung Internet,2021-06-28T12:22:08Z,2021-06-28 13:02:25 UTC
2027,528,241.255.140.208,desktop,Chrome OS,Chrome,2021-07-16T11:22:39Z,2021-07-16 11:33:05 UTC
2028,529,43.39.68.22,TV,Unknown,Puffin,2021-07-22T22:37:02Z,2021-07-22 22:51:10 UTC
2029,530,82.167.92.25,TV,Unknown,Opera,2021-08-01T20:28:06Z,2021-08-01 21:08:14 UTC
2030,531,207.152.2.117,desktop,Linux,Puffin,2021-08-12T12:59:42Z,2021-08-12 14:43:55 UTC
2031,532,210.8.212.127,TV,Unknown,Opera,2021-01-08T02:09:43Z,2021-01-08 05:03:02 UTC
2032,533,100.181.234.116,desktop,Linux,Puffin,2021-09-22T11:29:17Z,2021-09-22 12:53:45 UTC
2033,534,194.147.69.141,TV,Unknown,Edge,2021-10-24T06:10:49Z,2021-10-24 07:46:51 UTC
2034,535,236.162.54.87,smartphone,OS X,Puffin,2021-04-04T06:02:56Z,2021-04-04 07:10:48 UTC
2035,536,220.38.130.157,TV,Unknown,Opera,2021-10-20T00:16:05Z,2021-10-20 00:29:07 UTC
2036,537,229.150.221.80,TV,Unknown,Unknown,2021-11-21T15:33:58Z,2021-11-21 17:40:33 UTC
2037,538,224.163.46.209,smartphone,OS X,Firefox,2021-08-28T10:13:14Z,2021-08-28 10:27:10 UTC
2038,539,227.214.78.227,smartphone,OS X,Other,2021-07-10T04:16:38Z,2021-07-10 07:13:57 UTC
2039,540,70.114.139.93,desktop,Others,Android,2021-11-06T00:51:45Z,2021-11-06 02:01:12 UTC
2040,541,82.44.62.56,smartphone,Others,Samsung Internet,2022-01-02T17:08:24Z,2022-01-02 18:38:58 UTC
2041,542,48.20.74.224,smartphone,Others,Android,2021-03-23T14:44:26Z,2021-03-23 15:27:37 UTC
2042,543,112.212.231.112,smartphone,Others,Samsung Internet,2021-09-04T14:01:59Z,2021-09-04 14:28:07 UTC
2043,544,164.127.187.209,TV,Unknown,Puffin,2021-06-27T21:34:46Z,2021-06-28 00:34:06 UTC
2044,545,239.67.31.112,TV,Unknown,Firefox,2021-05-07T22:55:52Z,2021-05-08 01:06:15 UTC
2045,546,221.186.158.251,TV,Unknown,Safari,2021-02-01T12:55:37Z,2021-02-01 12:58:30 UTC
2046,547,4.249.182.230,desktop,Others,Chrome,2021-12-15T19:04:39Z,2021-12-15 21:27:31 UTC
2047,548,100.10.130.132,desktop,OS X,Firefox,2021-08-02T17:33:12Z,2021-08-02 19:27:13 UTC
2048,549,60.174.47.179,smartphone,Others,Samsung Internet,2021-02-28T08:37:28Z,2021-02-28 09:53:45 UTC
2049,550,33.214.197.232,TV,Unknown,KaiOS,2021-12-15T18:21:55Z,2021-12-15 19:33:09 UTC
2050,551,255.115.79.143,TV,Unknown,Other,2021-10-18T16:52:21Z,2021-10-18 18:53:15 UTC
2051,552,205.51.92.6,TV,Unknown,Opera,2021-05-23T07:39:17Z,2021-05-23 10:15:19 UTC
2052,553,174.11.187.109,TV,Unknown,Chrome,2021-05-23T13:40:28Z,2021-05-23 14:27:13 UTC
2053,554,144.73.121.21,smartphone,Others,Android,2021-10-06T19:12:08Z,2021-10-06 20:12:45 UTC
2054,555,102.127.80.53,smartphone,Others,Android,2021-09-19T04:13:13Z,2021-09-19 04:13:30 UTC
2055,556,5.158.61.88,desktop,Others,Android,2021-10-07T06:04:44Z,2021-10-07 08:28:34 UTC
2056,557,196.239.248.4,desktop,Linux,Firefox,2021-04-14T17:00:42Z,2021-04-14 18:04:03 UTC
2057,558,129.145.33.7,desktop,OS X,Safari,2021-07-29T01:03:52Z,2021-07-29 03:13:47 UTC
2058,559,49.104.88.226,TV,Unknown,KaiOS,2021-01-21T11:47:31Z,2021-01-21 12:02:03 UTC
2059,560,147.111.64.69,smartphone,Others,Firefox,2021-03-28T01:43:09Z,2021-03-28 02:03:41 UTC
2060,561,100.192.21.230,smartphone,Others,Other,2021-11-23T03:23:25Z,2021-11-23 04:18:14 UTC
2061,562,246.168.31.100,desktop,OS X,KaiOS,2021-08-04T14:11:06Z,2021-08-04 16:08:25 UTC
2062,563,121.123.83.150,desktop,Others,Samsung Internet,2021-07-04T17:58:57Z,2021-07-04 18:27:24 UTC
2063,564,236.143.68.20,TV,Unknown,Firefox,2021-10-28T00:50:19Z,2021-10-28 02:53:05 UTC
2064,565,204.161.89.45,smartphone,OS X,Firefox,2021-10-16T09:54:58Z,2021-10-16 10:42:19 UTC
2065,566,178.254.98.78,smartphone,Others,Chrome,2021-04-16T13:45:10Z,2021-04-16 14:38:12 UTC
2066,567,92.131.56.155,smartphone,Others,Samsung Internet,2021-10-14T21:35:23Z,2021-10-14 22:12:00 UTC
2067,568,49.110.177.5,desktop,OS X,Puffin,2021-08-29T20:05:28Z,2021-08-29 22:07:05 UTC
2068,569,5.131.57.90,TV,Unknown,KaiOS,2021-06-28T01:46:18Z,2021-06-28 03:43:10 UTC
2069,570,27.96.255.176,smartphone,OS X,Puffin,2021-02-15T13:24:57Z,2021-02-15 14:30:10 UTC
2070,571,154.25.132.181,desktop,Windows,Edge,2021-10-26T14:26:20Z,2021-10-26 14:54:27 UTC
2071,572,88.60.234.129,TV,Unknown,Opera,2021-12-04T08:59:12Z,2021-12-04 09:20:56 UTC
2072,573,216.233.97.78,desktop,Linux,Chromium,2021-11-02T15:11:39Z,2021-11-02 16:14:55 UTC
2073,574,200.103.249.246,TV,Unknown,Chrome,2021-12-14T23:35:18Z,2021-12-15 00:02:49 UTC
2074,575,223.80.227.117,smartphone,OS X,KaiOS,2021-04-05T22:34:07Z,2021-04-06 01:19:36 UTC
2075,576,157.36.108.203,TV,Unknown,Chrome,2021-06-03T17:53:02Z,2021-06-03 19:10:18 UTC
2076,577,221.144.72.28,desktop,Linux,Unknown,2021-02-06T14:11:52Z,2021-02-06 16:08:13 UTC
2077,578,5.154.98.94,smartphone,Others,Android,2021-11-09T17:44:54Z,2021-11-09 18:48:32 UTC
2078,579,27.253.158.242,desktop,Linux,Puffin,2021-11-04T21:46:32Z,2021-11-04 21:49:32 UTC
2079,580,137.212.91.185,smartphone,Others,Unknown,2021-09-30T04:57:53Z,2021-09-30 07:00:54 UTC
2080,581,248.57.138.67,desktop,Linux,Firefox,2021-07-16T06:55:13Z,2021-07-16 09:37:28 UTC
2081,582,245.199.208.244,TV,Unknown,Opera,2021-04-14T13:15:18Z,2021-04-14 15:04:14 UTC
2082,583,203.134.202.107,TV,Unknown,Edge,2021-01-14T12:05:09Z,2021-01-14 14:18:23 UTC
2083,584,51.127.113.53,TV,Unknown,Puffin,2021-10-27T10:54:44Z,2021-10-27 11:55:57 UTC
2084,585,143.28.30.61,TV,Unknown,Chrome,2021-10-21T14:03:05Z,2021-10-21 14:41:05 UTC
2085,586,33.99.90.210,desktop,Windows,Chrome,2021-10-13T08:59:00Z,2021-10-13 09:50:57 UTC
2086,587,237.119.111.93,TV,Unknown,KaiOS,2021-08-26T11:40:34Z,2021-08-26 12:47:50 UTC
2087,588,84.174.231.68,desktop,OS X,Firefox,2021-04-11T12:42:22Z,2021-04-11 12:43:09 UTC
2088,589,230.54.55.36,TV,Unknown,Puffin,2021-06-25T08:34:00Z,2021-06-25 11:03:23 UTC
2089,590,40.224.57.169,smartphone,Others,Android,2021-07-08T17:25:07Z,2021-07-08 17:48:51 UTC
2090,591,236.215.243.49,smartphone,Others,Android,2021-08-25T07:42:47Z,2021-08-25 10:10:47 UTC
2091,592,11.162.3.165,TV,Unknown,Firefox,2021-05-02T16:05:24Z,2021-05-02 17:12:54 UTC
2092,593,37.196.254.62,TV,Unknown,Opera,2021-02-08T02:21:01Z,2021-02-08 03:11:41 UTC
2093,594,160.170.94.76,desktop,Chrome OS,Chrome,2021-03-09T19:07:39Z,2021-03-09 21:17:11 UTC
2094,595,30.174.185.195,desktop,Chrome OS,Chrome,2021-01-29T04:45:16Z,2021-01-29 06:25:05 UTC
2095,596,112.70.246.200,smartphone,Others,Android,2021-07-07T14:06:49Z,2021-07-07 14:33:29 UTC
2096,597,187.247.38.179,desktop,Linux,Chrome,2021-11-04T08:41:17Z,2021-11-04 11:29:31 UTC
2097,598,96.75.220.149,desktop,Others,Firefox,2021-01-11T23:02:02Z,2021-01-12 01:17:55 UTC
2098,599,248.183.181.150,smartphone,Others,Android,2021-12-01T11:41:17Z,2021-12-01 11:55:12 UTC
2099,600,39.150.240.42,desktop,OS X,Other,2021-11-27T00:23:17Z,2021-11-27 00:54:53 UTC
2100,601,134.200.135.123,TV,Unknown,Puffin,2021-02-20T08:41:03Z,2021-02-20 11:17:44 UTC
2101,602,192.147.225.33,desktop,Others,Unknown,2021-06-10T05:42:06Z,2021-06-10 07:34:30 UTC
2102,603,7.148.82.216,smartphone,Others,Samsung Internet,2021-09-14T00:05:22Z,2021-09-14 02:19:52 UTC
2103,604,33.127.252.36,desktop,OS X,KaiOS,2021-12-31T09:36:01Z,2021-12-31 11:11:11 UTC
2104,605,162.183.103.130,desktop,Others,Unknown,2021-06-13T14:49:37Z,2021-06-13 16:14:29 UTC
2105,606,79.122.191.137,TV,Unknown,Other,2021-11-03T04:22:17Z,2021-11-03 04:34:53 UTC
2106,607,127.233.33.150,smartphone,Others,Android,2021-11-14T02:27:42Z,2021-11-14 04:38:19 UTC
2107,608,233.101.144.113,desktop,Linux,Opera,2021-07-08T22:58:32Z,2021-07-09 01:25:57 UTC
2108,609,195.118.208.160,smartphone,OS X,KaiOS,2021-06-21T18:59:49Z,2021-06-21 20:08:49 UTC
2109,610,37.211.51.252,TV,Unknown,Edge,2021-04-16T23:59:15Z,2021-04-17 01:42:57 UTC
2110,611,231.85.8.156,smartphone,Others,Samsung Internet,2021-06-14T20:11:38Z,2021-06-14 20:15:32 UTC
2111,612,89.47.107.15,smartphone,Others,Unknown,2021-01-22T19:22:57Z,2021-01-22 21:26:42 UTC
2112,613,244.75.57.192,smartphone,OS X,Puffin,2021-09-27T02:11:07Z,2021-09-27 03:32:02 UTC
2113,614,117.232.27.8,smartphone,OS X,Firefox,2021-09-09T18:42:51Z,2021-09-09 20:48:40 UTC
2114,615,47.19.228.34,desktop,Others,Firefox,2021-12-13T08:54:50Z,2021-12-13 09:39:25 UTC
2115,616,59.48.31.59,smartphone,Others,Unknown,2021-11-05T03:33:18Z,2021-11-05 04:52:48 UTC
2116,617,9.96.180.152,desktop,Others,Other,2021-12-20T01:46:08Z,2021-12-20 03:05:38 UTC
2117,618,181.33.233.76,TV,Unknown,Unknown,2021-08-25T14:53:29Z,2021-08-25 17:29:41 UTC
2118,619,4.205.111.35,desktop,Chrome OS,Chrome,2021-07-03T08:18:25Z,2021-07-03 09:22:37 UTC
2119,620,197.97.49.58,TV,Unknown,Chrome,2021-08-22T21:30:04Z,2021-08-22 22:04:27 UTC
2120,621,122.164.43.226,desktop,OS X,Unknown,2021-05-17T10:38:17Z,2021-05-17 12:42:48 UTC
2121,622,209.246.94.75,TV,Unknown,Chrome,2021-01-24T10:36:10Z,2021-01-24 11:25:24 UTC
2122,623,34.135.58.232,smartphone,OS X,Safari,2021-12-12T10:47:16Z,2021-12-12 12:27:48 UTC
2123,624,198.96.102.162,desktop,Chrome OS,Chrome,2021-08-23T04:19:13Z,2021-08-23 06:08:44 UTC
2124,625,24.254.57.104,desktop,Chrome OS,Chrome,2021-05-16T11:49:03Z,2021-05-16 13:53:35 UTC
2125,626,103.90.36.240,desktop,Others,Chrome,2021-02-13T09:12:04Z,2021-02-13 09:40:12 UTC
2126,627,160.98.247.228,smartphone,OS X,Opera,2021-09-18T21:39:53Z,2021-09-18 23:41:14 UTC
2127,628,205.176.92.122,smartphone,Others,Other,2021-07-11T08:22:25Z,2021-07-11 09:06:24 UTC
2128,629,199.234.82.67,desktop,OS X,Unknown,2021-10-25T03:01:24Z,2021-10-25 05:24:49 UTC
2129,630,26.210.35.60,desktop,OS X,Unknown,2021-02-10T07:34:44Z,2021-02-10 08:24:34 UTC
2130,631,3.25.196.76,TV,Unknown,Unknown,2021-01-21T05:32:12Z,2021-01-21 08:25:20 UTC
2131,632,40.84.117.161,smartphone,Others,Android,2021-08-18T00:56:07Z,2021-08-18 03:11:14 UTC
2132,633,9.33.81.243,desktop,OS X,Firefox,2021-08-09T20:19:38Z,2021-08-09 22:58:26 UTC
2133,634,6.56.78.121,desktop,Chrome OS,Chrome,2021-11-09T08:03:37Z,2021-11-09 09:10:22 UTC
2134,635,129.29.93.227,TV,Unknown,Opera,2021-02-09T10:29:42Z,2021-02-09 10:48:40 UTC
2135,636,222.236.251.247,desktop,Chrome OS,Chrome,2021-06-21T18:38:00Z,2021-06-21 21:07:37 UTC
2136,637,135.133.43.22,TV,Unknown,Opera,2021-05-15T18:37:25Z,2021-05-15 21:08:46 UTC
2137,638,11.254.226.52,TV,Unknown,Opera,2021-10-09T02:28:26Z,2021-10-09 02:43:55 UTC
2138,639,139.87.132.48,TV,Unknown,Chrome,2021-05-09T10:59:24Z,2021-05-09 13:46:51 UTC
2139,640,95.217.74.150,smartphone,Others,Chrome,2021-10-16T10:31:09Z,2021-10-16 11:18:32 UTC
2140,641,213.144.117.12,desktop,Windows,Chrome,2021-07-20T06:01:33Z,2021-07-20 06:52:33 UTC
2141,642,97.198.108.16,TV,Unknown,Opera,2021-03-20T12:21:12Z,2021-03-20 15:17:28 UTC
2142,643,192.47.181.32,TV,Unknown,Safari,2021-01-30T02:54:07Z,2021-01-30 05:47:39 UTC
2143,644,20.228.128.239,smartphone,Others,Samsung Internet,2021-11-02T02:14:39Z,2021-11-02 05:09:45 UTC
2144,645,32.165.21.204,smartphone,Others,Chrome,2021-02-10T23:54:43Z,2021-02-11 01:10:28 UTC
2145,646,118.226.5.205,desktop,OS X,Firefox,2021-07-19T20:16:40Z,2021-07-19 22:05:56 UTC
2146,647,111.196.82.239,smartphone,Others,Chrome,2021-04-03T10:36:48Z,2021-04-03 11:31:54 UTC
2147,648,170.23.0.200,smartphone,OS X,Firefox,2021-02-04T23:16:50Z,2021-02-04 23:38:09 UTC
2148,649,220.7.190.175,desktop,OS X,KaiOS,2021-11-02T12:03:22Z,2021-11-02 13:14:38 UTC
2149,650,140.32.137.85,desktop,Others,Firefox,2021-02-18T21:46:57Z,2021-02-19 00:32:54 UTC
2150,651,223.252.69.195,desktop,Others,Other,2021-07-09T07:42:31Z,2021-07-09 09:04:09 UTC
2151,652,203.48.142.120,smartphone,Others,Other,2021-08-07T00:37:16Z,2021-08-07 03:07:32 UTC
2152,653,217.80.197.1,smartphone,OS X,Other,2021-03-03T17:39:15Z,2021-03-03 20:05:42 UTC
2153,654,195.93.226.113,TV,Unknown,Safari,2021-02-11T08:07:45Z,2021-02-11 08:15:37 UTC
2154,655,7.253.146.252,smartphone,Others,Other,2021-02-08T05:27:55Z,2021-02-08 08:21:41 UTC
2155,656,199.35.103.161,TV,Unknown,KaiOS,2021-12-30T00:47:05Z,2021-12-30 02:45:40 UTC
2156,657,243.0.204.242,smartphone,OS X,Firefox,2021-01-30T09:16:38Z,2021-01-30 09:26:49 UTC
2157,658,178.96.83.169,smartphone,Others,Unknown,2021-02-12T11:41:33Z,2021-02-12 13:14:44 UTC
2158,659,35.55.139.24,TV,Unknown,Chrome,2021-02-24T21:39:04Z,2021-02-24 22:38:39 UTC
2159,660,77.229.173.165,smartphone,OS X,Opera,2021-08-07T00:08:45Z,2021-08-07 02:13:40 UTC
2160,661,95.234.250.254,smartphone,OS X,Unknown,2021-04-05T18:49:26Z,2021-04-05 21:25:22 UTC
2161,662,37.191.176.85,smartphone,Others,Android,2021-07-15T04:35:04Z,2021-07-15 07:12:39 UTC
2162,663,131.21.37.23,desktop,Linux,Unknown,2021-05-26T18:08:31Z,2021-05-26 19:38:56 UTC
2163,664,229.7.112.81,desktop,Windows,Other,2021-09-20T10:30:13Z,2021-09-20 13:05:15 UTC
2164,665,19.93.159.23,smartphone,OS X,Opera,2021-12-28T03:35:30Z,2021-12-28 04:48:05 UTC
2165,666,219.92.108.244,desktop,Others,Unknown,2021-05-12T13:38:15Z,2021-05-12 15:48:14 UTC
2166,667,104.13.5.128,smartphone,OS X,Safari,2021-09-20T18:27:15Z,2021-09-20 18:46:20 UTC
2167,668,63.133.176.193,smartphone,Others,Android,2021-10-03T18:20:50Z,2021-10-03 20:01:41 UTC
2168,669,70.183.92.182,TV,Unknown,Unknown,2021-09-06T11:56:10Z,2021-09-06 14:00:55 UTC
2169,670,47.179.220.229,desktop,Chrome OS,Chrome,2021-06-07T03:10:38Z,2021-06-07 03:30:22 UTC
2170,671,92.213.218.185,smartphone,Others,Android,2021-07-11T11:03:01Z,2021-07-11 13:35:01 UTC
2171,672,31.31.103.239,smartphone,Others,Samsung Internet,2021-11-19T18:35:05Z,2021-11-19 19:03:13 UTC
2172,673,178.148.86.136,smartphone,Others,Android,2021-04-23T15:30:21Z,2021-04-23 18:09:27 UTC
2173,674,178.105.35.120,TV,Unknown,Chrome,2021-07-03T11:59:27Z,2021-07-03 12:19:04 UTC
2174,675,23.241.175.103,smartphone,OS X,Safari,2021-07-25T04:47:33Z,2021-07-25 07:39:30 UTC
2175,676,112.100.23.95,smartphone,Others,Firefox,2021-12-15T20:43:06Z,2021-12-15 22:30:06 UTC
2176,677,66.218.98.166,smartphone,OS X,KaiOS,2021-11-16T09:12:54Z,2021-11-16 09:21:31 UTC
2177,678,241.90.9.237,TV,Unknown,Puffin,2021-11-08T11:56:28Z,2021-11-08 13:08:24 UTC
2178,679,21.178.54.51,desktop,Windows,Firefox,2021-10-16T00:41:25Z,2021-10-16 03:21:08 UTC
2179,680,98.79.67.112,smartphone,Others,Unknown,2021-11-20T19:08:50Z,2021-11-20 21:29:11 UTC
2180,681,192.224.190.168,TV,Unknown,Firefox,2021-07-09T06:10:00Z,2021-07-09 06:49:52 UTC
2181,682,194.49.37.43,smartphone,Others,Chrome,2021-12-08T22:47:36Z,2021-12-08 23:23:54 UTC
2182,683,128.68.42.230,TV,Unknown,Firefox,2021-07-01T19:55:02Z,2021-07-01 21:33:06 UTC
2183,684,5.171.105.119,smartphone,Others,Other,2021-04-24T22:25:42Z,2021-04-24 23:21:44 UTC
2184,685,11.103.68.180,TV,Unknown,Safari,2021-05-10T08:44:49Z,2021-05-10 09:37:55 UTC
2185,686,90.128.162.141,desktop,Chrome OS,Chrome,2021-04-30T22:50:53Z,2021-04-30 23:31:40 UTC
2186,687,232.29.92.87,desktop,Linux,Chromium,2021-10-27T16:26:13Z,2021-10-27 17:10:33 UTC
2187,688,201.130.17.43,smartphone,OS X,Puffin,2021-12-18T08:28:31Z,2021-12-18 09:32:24 UTC
2188,689,88.49.118.81,smartphone,Others,Android,2021-01-30T15:54:12Z,2021-01-30 17:57:41 UTC
2189,690,46.49.238.5,desktop,Linux,Chromium,2021-09-09T23:52:24Z,2021-09-10 02:10:02 UTC
2190,691,159.101.87.89,smartphone,OS X,KaiOS,2021-03-29T23:13:42Z,2021-03-30 00:21:20 UTC
2191,692,74.110.182.104,TV,Unknown,Unknown,2021-04-28T07:25:39Z,2021-04-28 09:14:44 UTC
2192,693,222.191.75.13,desktop,Linux,Chrome,2021-03-15T15:30:05Z,2021-03-15 15:53:29 UTC
2193,694,119.180.184.209,TV,Unknown,Chrome,2021-12-05T12:50:44Z,2021-12-05 15:20:19 UTC
2194,695,120.248.35.167,smartphone,Others,Other,2021-07-24T00:04:32Z,2021-07-24 01:27:10 UTC
2195,696,225.4.108.155,TV,Unknown,Safari,2021-10-22T00:38:51Z,2021-10-22 03:23:26 UTC
2196,697,167.150.51.114,desktop,Windows,Edge,2021-12-11T18:56:08Z,2021-12-11 20:13:11 UTC
2197,698,174.65.16.186,smartphone,Others,Android,2021-06-27T18:38:16Z,2021-06-27 21:12:02 UTC
2198,699,189.98.71.43,TV,Unknown,Firefox,2021-12-10T17:46:10Z,2021-12-10 18:10:42 UTC
2199,700,115.17.91.56,smartphone,Others,Unknown,2021-12-19T16:01:25Z,2021-12-19 16:18:59 UTC
2200,701,181.222.95.108,desktop,Chrome OS,Chrome,2021-04-16T14:24:39Z,2021-04-16 17:19:47 UTC
2201,702,146.239.50.2,desktop,Linux,Chromium,2021-10-22T18:25:12Z,2021-10-22 18:32:17 UTC
2202,703,215.116.168.209,smartphone,Others,Android,2021-04-01T14:34:46Z,2021-04-01 15:41:32 UTC
2203,704,166.69.166.25,smartphone,Others,Unknown,2021-11-15T17:46:47Z,2021-11-15 18:58:49 UTC
2204,705,221.74.0.126,desktop,Linux,Opera,2021-05-25T12:55:50Z,2021-05-25 13:25:22 UTC
2205,706,147.235.42.224,desktop,OS X,Opera,2021-12-26T07:28:49Z,2021-12-26 09:50:02 UTC
2206,707,48.122.253.71,desktop,Chrome OS,Chrome,2021-12-28T22:52:02Z,2021-12-29 00:56:18 UTC
2207,708,59.119.47.254,smartphone,OS X,Opera,2021-05-27T22:47:19Z,2021-05-28 01:43:37 UTC
2208,709,235.157.252.123,desktop,Chrome OS,Chrome,2021-05-21T21:33:54Z,2021-05-21 21:50:49 UTC
2209,710,86.160.54.195,desktop,Chrome OS,Chrome,2021-04-04T17:24:06Z,2021-04-04 18:59:48 UTC
2210,711,212.216.231.34,smartphone,OS X,Safari,2021-11-09T09:08:42Z,2021-11-09 11:27:38 UTC
2211,712,161.37.49.155,desktop,Windows,Edge,2021-02-10T04:32:16Z,2021-02-10 05:37:56 UTC
2212,713,25.69.209.165,TV,Unknown,Opera,2021-11-06T00:24:25Z,2021-11-06 00:36:42 UTC
2213,714,15.110.213.183,smartphone,Others,Samsung Internet,2021-10-04T09:29:56Z,2021-10-04 10:45:11 UTC
2214,715,23.176.242.112,TV,Unknown,KaiOS,2021-03-26T16:07:58Z,2021-03-26 18:35:16 UTC
2215,716,164.102.165.221,smartphone,OS X,KaiOS,2021-10-12T19:31:54Z,2021-10-12 21:11:35 UTC
2216,717,61.158.236.60,smartphone,Others,Chrome,2021-07-12T04:19:34Z,2021-07-12 06:27:40 UTC
2217,718,219.75.80.127,desktop,Chrome OS,Chrome,2021-03-06T21:23:56Z,2021-03-06 21:32:05 UTC
2218,719,25.188.146.240,desktop,Linux,Other,2021-03-06T13:50:56Z,2021-03-06 15:23:53 UTC
2219,720,250.255.165.191,desktop,Others,Chrome,2021-11-03T17:12:23Z,2021-11-03 17:21:34 UTC
2220,721,192.111.158.195,desktop,Chrome OS,Chrome,2021-06-02T21:56:47Z,2021-06-02 23:13:59 UTC
2221,722,186.159.113.39,desktop,Windows,Puffin,2021-07-22T00:20:02Z,2021-07-22 03:14:45 UTC
2222,723,58.171.32.117,desktop,Chrome OS,Chrome,2021-12-04T14:39:52Z,2021-12-04 17:31:01 UTC
2223,724,195.155.58.96,smartphone,OS X,Firefox,2021-11-20T10:28:35Z,2021-11-20 13:06:04 UTC
2224,725,21.201.126.199,desktop,Linux,Opera,2021-09-01T10:49:07Z,2021-09-01 12:06:01 UTC
2225,726,116.73.165.23,TV,Unknown,Safari,2021-04-01T03:10:29Z,2021-04-01 04:40:56 UTC
2226,727,86.199.133.48,smartphone,Others,Firefox,2021-10-18T17:23:06Z,2021-10-18 19:14:27 UTC
2227,728,88.146.70.237,desktop,Chrome OS,Chrome,2021-07-19T03:40:25Z,2021-07-19 05:22:01 UTC
2228,729,88.188.197.164,TV,Unknown,Other,2021-10-27T15:42:33Z,2021-10-27 16:00:40 UTC
2229,730,103.124.65.96,smartphone,OS X,Other,2021-04-19T03:38:09Z,2021-04-19 05:35:11 UTC
2230,731,3.72.95.144,TV,Unknown,Puffin,2021-09-20T10:10:51Z,2021-09-20 11:31:02 UTC
2231,732,54.122.191.66,smartphone,Others,Samsung Internet,2021-12-03T21:34:00Z,2021-12-03 21:35:15 UTC
2232,733,101.211.106.14,desktop,Windows,Other,2021-12-15T11:42:55Z,2021-12-15 13:19:14 UTC
2233,734,155.158.48.131,TV,Unknown,Chrome,2021-03-02T19:44:19Z,2021-03-02 20:02:47 UTC
2234,735,30.74.9.83,TV,Unknown,Other,2021-09-15T08:23:59Z,2021-09-15 08:47:26 UTC
2235,736,201.70.94.205,desktop,OS X,Firefox,2021-03-17T11:00:38Z,2021-03-17 11:59:07 UTC
2236,737,34.197.106.87,desktop,OS X,Other,2021-09-18T01:48:41Z,2021-09-18 04:46:13 UTC
2237,738,221.194.115.80,smartphone,Others,Samsung Internet,2021-11-04T15:22:31Z,2021-11-04 16:24:22 UTC
2238,739,45.135.86.115,TV,Unknown,Unknown,2021-07-22T08:47:32Z,2021-07-22 10:20:18 UTC
2239,740,161.205.196.249,TV,Unknown,Opera,2021-02-01T14:46:59Z,2021-02-01 16:42:31 UTC
2240,741,78.58.187.128,TV,Unknown,Unknown,2021-03-01T07:07:08Z,2021-03-01 08:51:31 UTC
2241,742,222.26.239.248,desktop,Windows,Opera,2021-05-12T15:27:44Z,2021-05-12 17:23:28 UTC
2242,743,211.115.252.249,desktop,Windows,Firefox,2021-05-19T08:42:32Z,2021-05-19 09:04:25 UTC
2243,744,232.164.221.42,TV,Unknown,Unknown,2021-08-31T11:58:53Z,2021-08-31 13:50:17 UTC
2244,745,4.125.184.239,desktop,Windows,Puffin,2021-06-26T08:37:53Z,2021-06-26 10:47:42 UTC
2245,746,163.55.240.171,TV,Unknown,Firefox,2021-07-07T03:22:02Z,2021-07-07 05:17:47 UTC
2246,747,167.73.138.7,desktop,Others,Unknown,2021-02-18T20:05:09Z,2021-02-18 21:43:26 UTC
2247,748,110.32.18.198,desktop,Windows,Puffin,2021-04-04T01:46:25Z,2021-04-04 02:53:38 UTC
2248,749,252.88.77.184,smartphone,Others,Chrome,2021-08-30T05:05:15Z,2021-08-30 05:16:04 UTC
2249,750,140.176.71.179,TV,Unknown,Safari,2021-08-21T04:26:28Z,2021-08-21 05:39:06 UTC
2250,751,32.72.238.137,desktop,Chrome OS,Chrome,2021-02-01T08:15:56Z,2021-02-01 09:52:17 UTC
2251,752,6.22.147.169,smartphone,OS X,KaiOS,2021-04-08T08:17:39Z,2021-04-08 09:36:00 UTC
2252,753,15.223.1.155,smartphone,OS X,Safari,2021-12-26T04:50:29Z,2021-12-26 06:21:50 UTC
2253,754,241.27.14.93,TV,Unknown,Other,2021-08-02T10:43:14Z,2021-08-02 11:32:07 UTC
2254,755,240.211.166.238,TV,Unknown,Other,2021-06-27T19:36:31Z,2021-06-27 22:12:12 UTC
2255,756,55.214.61.91,desktop,Windows,Firefox,2021-09-15T07:07:18Z,2021-09-15 09:15:19 UTC
2256,757,224.164.199.240,desktop,Others,Other,2021-06-24T04:26:28Z,2021-06-24 05:34:09 UTC
2257,758,248.198.21.208,desktop,Linux,Other,2021-03-15T21:48:09Z,2021-03-15 23:39:12 UTC
2258,759,224.119.165.202,desktop,Linux,Chromium,2021-08-20T19:43:28Z,2021-08-20 20:22:14 UTC
2259,760,136.74.107.200,smartphone,OS X,Other,2021-10-17T09:07:34Z,2021-10-17 10:42:01 UTC
2260,761,94.150.176.13,smartphone,Others,Other,2021-03-07T02:16:39Z,2021-03-07 02:59:34 UTC
2261,762,194.252.92.235,desktop,Windows,Puffin,2021-01-13T11:22:34Z,2021-01-13 13:22:35 UTC
2262,763,251.201.198.22,TV,Unknown,Opera,2021-10-21T16:43:41Z,2021-10-21 18:52:44 UTC
2263,764,206.146.150.159,smartphone,Others,Chrome,2021-07-12T17:09:01Z,2021-07-12 18:35:06 UTC
2264,765,176.75.143.200,smartphone,Others,Chrome,2021-02-17T03:57:31Z,2021-02-17 05:27:09 UTC
2265,766,56.37.18.254,smartphone,Others,Unknown,2021-06-05T02:26:50Z,2021-06-05 03:03:11 UTC
2266,767,89.90.107.217,TV,Unknown,KaiOS,2021-02-15T05:21:15Z,2021-02-15 06:37:40 UTC
2267,768,220.73.82.255,smartphone,Others,Unknown,2021-02-14T19:02:35Z,2021-02-14 20:42:27 UTC
2268,769,33.72.239.48,desktop,Windows,Puffin,2021-02-25T11:08:33Z,2021-02-25 13:03:18 UTC
2269,770,248.113.205.249,desktop,Others,Chrome,2021-02-22T22:16:20Z,2021-02-22 23:46:14 UTC
2270,771,206.108.220.98,TV,Unknown,Unknown,2021-04-07T22:48:26Z,2021-04-08 00:19:01 UTC
2271,772,251.196.124.106,desktop,Chrome OS,Chrome,2021-05-17T17:42:17Z,2021-05-17 20:00:55 UTC
2272,773,183.18.98.68,desktop,OS X,Other,2021-05-23T15:03:29Z,2021-05-23 17:21:56 UTC
2273,774,205.24.98.6,TV,Unknown,Chrome,2021-11-08T02:01:41Z,2021-11-08 03:22:00 UTC
2274,775,66.31.214.38,smartphone,Others,Samsung Internet,2021-12-02T11:54:50Z,2021-12-02 13:35:50 UTC
2275,776,66.213.180.235,smartphone,OS X,Other,2021-12-26T04:45:38Z,2021-12-26 05:33:29 UTC
2276,777,75.26.226.40,smartphone,Others,Other,2021-06-05T04:35:33Z,2021-06-05 07:22:54 UTC
2277,778,123.239.84.144,desktop,Windows,Other,2021-04-23T01:17:59Z,2021-04-23 03:57:41 UTC
2278,779,89.134.92.209,smartphone,Others,Firefox,2021-02-24T18:12:34Z,2021-02-24 18:19:25 UTC
2279,780,49.200.202.23,smartphone,Others,Chrome,2021-05-04T01:49:09Z,2021-05-04 04:07:50 UTC
2280,781,80.70.218.147,TV,Unknown,Edge,2021-04-02T21:43:26Z,2021-04-02 23:22:12 UTC
2281,782,69.144.238.15,TV,Unknown,Unknown,2021-05-14T07:10:05Z,2021-05-14 09:06:32 UTC
2282,783,85.72.85.209,smartphone,OS X,Safari,2021-03-03T19:49:50Z,2021-03-03 19:58:10 UTC
2283,784,185.19.156.243,TV,Unknown,Firefox,2021-03-10T10:51:17Z,2021-03-10 12:39:42 UTC
2284,785,197.32.198.87,smartphone,Others,Other,2021-07-19T00:48:18Z,2021-07-19 00:53:14 UTC
2285,786,194.88.159.232,TV,Unknown,Chrome,2021-06-10T01:02:24Z,2021-06-10 01:14:04 UTC
2286,787,60.17.253.220,TV,Unknown,Chrome,2021-07-28T22:51:23Z,2021-07-28 23:50:37 UTC
2287,788,165.141.102.131,smartphone,Others,Unknown,2021-02-18T15:41:55Z,2021-02-18 17:15:49 UTC
2288,789,240.136.1.244,desktop,Windows,Chrome,2021-03-24T20:45:16Z,2021-03-24 22:59:00 UTC
2289,790,15.189.20.149,smartphone,Others,Chrome,2021-05-23T10:51:32Z,2021-05-23 13:05:24 UTC
2290,791,254.92.124.24,smartphone,OS X,Firefox,2021-07-07T13:45:18Z,2021-07-07 15:12:28 UTC
2291,792,66.246.165.151,smartphone,Others,Android,2021-01-26T10:11:33Z,2021-01-26 12:13:00 UTC
2292,793,199.244.119.52,desktop,Others,Chrome,2021-03-18T19:14:39Z,2021-03-18 21:52:37 UTC
2293,794,225.134.144.149,smartphone,OS X,Firefox,2021-04-19T21:36:48Z,2021-04-19 22:24:42 UTC
2294,795,98.232.188.219,smartphone,Others,Samsung Internet,2021-04-22T23:13:00Z,2021-04-22 23:13:17 UTC
2295,796,171.95.186.2,smartphone,Others,Chrome,2021-03-22T16:39:30Z,2021-03-22 16:44:12 UTC
2296,797,117.131.4.248,smartphone,Others,Firefox,2021-01-30T11:36:04Z,2021-01-30 12:33:11 UTC
2297,798,232.61.170.118,smartphone,Others,Unknown,2021-02-14T19:46:10Z,2021-02-14 20:27:32 UTC
2298,799,216.196.64.136,smartphone,OS X,Opera,2021-09-29T13:24:34Z,2021-09-29 13:26:40 UTC
2299,800,235.175.220.225,TV,Unknown,Firefox,2021-11-20T15:16:06Z,2021-11-20 15:52:01 UTC
2300,801,57.209.111.254,desktop,Windows,Chrome,2021-01-27T19:23:52Z,2021-01-27 20:50:20 UTC
2301,802,19.243.70.111,TV,Unknown,Puffin,2021-11-16T22:44:35Z,2021-11-17 01:31:29 UTC
2302,803,179.139.65.50,smartphone,OS X,Firefox,2021-11-24T19:32:58Z,2021-11-24 21:36:40 UTC
2303,804,12.219.50.78,smartphone,Others,Firefox,2021-05-28T03:17:00Z,2021-05-28 05:06:26 UTC
2304,805,135.211.174.90,desktop,Others,Other,2021-03-28T20:04:27Z,2021-03-28 20:13:53 UTC
2305,806,33.77.24.201,desktop,Chrome OS,Chrome,2021-04-29T06:19:45Z,2021-04-29 06:51:23 UTC
2306,807,109.136.185.68,smartphone,Others,Chrome,2021-07-28T09:39:41Z,2021-07-28 10:39:09 UTC
2307,808,26.116.241.51,TV,Unknown,Puffin,2021-02-26T21:03:06Z,2021-02-26 21:52:21 UTC
2308,809,15.216.200.141,smartphone,Others,Unknown,2021-12-27T05:44:55Z,2021-12-27 07:24:51 UTC
2309,810,76.154.249.67,desktop,Others,Android,2021-01-25T16:38:59Z,2021-01-25 19:18:53 UTC
2310,811,160.129.114.194,smartphone,Others,Samsung Internet,2021-12-11T10:54:55Z,2021-12-11 12:19:55 UTC
2311,812,12.47.1.44,TV,Unknown,Firefox,2021-08-15T13:52:11Z,2021-08-15 14:05:20 UTC
2312,813,228.153.5.54,TV,Unknown,Other,2021-07-12T06:02:55Z,2021-07-12 07:34:05 UTC
2313,814,50.48.240.142,TV,Unknown,Opera,2021-09-26T12:07:37Z,2021-09-26 13:52:43 UTC
2314,815,48.13.246.143,TV,Unknown,KaiOS,2021-08-07T20:17:36Z,2021-08-07 21:17:31 UTC
2315,816,131.51.18.101,desktop,OS X,Safari,2021-12-06T20:26:36Z,2021-12-06 20:43:23 UTC
2316,817,250.150.175.247,smartphone,Others,Other,2021-10-08T04:12:51Z,2021-10-08 05:59:48 UTC
2317,818,57.198.234.9,desktop,Others,Firefox,2021-12-19T22:21:55Z,2021-12-19 23:22:07 UTC
2318,819,228.204.18.227,TV,Unknown,Opera,2021-11-19T11:44:14Z,2021-11-19 13:55:18 UTC
2319,820,236.189.105.96,TV,Unknown,KaiOS,2021-09-08T09:32:34Z,2021-09-08 11:16:14 UTC
2320,821,51.98.110.55,smartphone,OS X,Unknown,2021-04-30T15:02:35Z,2021-04-30 15:45:53 UTC
2321,822,202.20.91.147,TV,Unknown,Unknown,2021-12-02T07:59:23Z,2021-12-02 09:46:00 UTC
2322,823,13.163.81.205,smartphone,OS X,Puffin,2021-08-24T22:40:29Z,2021-08-24 23:21:24 UTC
2323,824,141.138.94.226,desktop,OS X,Safari,2021-04-15T17:02:25Z,2021-04-15 17:03:54 UTC
2324,825,236.67.89.213,desktop,OS X,Puffin,2021-10-04T17:42:38Z,2021-10-04 20:12:43 UTC
2325,826,50.104.31.215,desktop,Windows,Opera,2021-03-28T23:55:24Z,2021-03-29 02:46:47 UTC
2326,827,75.151.128.206,TV,Unknown,Other,2021-02-01T08:54:54Z,2021-02-01 10:50:54 UTC
2327,828,65.249.88.183,desktop,OS X,Firefox,2021-08-08T12:42:02Z,2021-08-08 13:57:45 UTC
2328,829,88.102.109.37,smartphone,OS X,Puffin,2021-10-29T13:46:39Z,2021-10-29 13:51:21 UTC
2329,830,18.160.72.13,desktop,Chrome OS,Chrome,2021-06-18T00:29:48Z,2021-06-18 00:57:54 UTC
2330,831,103.125.143.145,smartphone,Others,Android,2021-02-12T03:44:52Z,2021-02-12 04:20:33 UTC
2331,832,23.243.78.84,desktop,Windows,Chrome,2021-04-27T18:17:26Z,2021-04-27 18:46:01 UTC
2332,833,93.32.50.213,desktop,Chrome OS,Chrome,2021-12-02T11:11:39Z,2021-12-02 12:07:40 UTC
2333,834,252.87.195.189,smartphone,Others,Firefox,2021-12-13T11:19:59Z,2021-12-13 13:47:17 UTC
2334,835,98.73.60.180,smartphone,Others,Firefox,2021-11-26T19:59:15Z,2021-11-26 20:09:08 UTC
2335,836,52.177.114.42,smartphone,OS X,Other,2021-12-06T20:34:25Z,2021-12-06 20:56:01 UTC
2336,837,155.156.98.92,TV,Unknown,Edge,2021-01-30T05:02:06Z,2021-01-30 06:54:24 UTC
2337,838,87.46.170.136,desktop,OS X,Opera,2021-05-22T21:22:47Z,2021-05-22 21:31:31 UTC
2338,839,143.254.158.187,smartphone,OS X,Opera,2021-01-25T00:36:06Z,2021-01-25 01:37:11 UTC
2339,840,46.219.59.28,smartphone,OS X,Opera,2021-04-02T09:35:08Z,2021-04-02 10:12:13 UTC
2340,841,75.240.229.231,desktop,Chrome OS,Chrome,2021-05-18T01:45:15Z,2021-05-18 03:07:12 UTC
2341,842,109.146.28.102,desktop,OS X,Opera,2021-07-17T12:28:15Z,2021-07-17 14:55:56 UTC
2342,843,24.52.249.151,desktop,Chrome OS,Chrome,2021-05-28T16:11:52Z,2021-05-28 16:43:52 UTC
2343,844,116.132.27.60,desktop,Others,Unknown,2021-07-28T20:10:52Z,2021-07-28 21:43:43 UTC
2344,845,69.6.253.11,TV,Unknown,Unknown,2021-10-16T05:32:35Z,2021-10-16 06:04:06 UTC
2345,846,251.229.202.209,TV,Unknown,Puffin,2021-04-07T00:29:51Z,2021-04-07 03:01:14 UTC
2346,847,249.64.140.113,desktop,Others,Unknown,2021-01-08T10:26:40Z,2021-01-08 13:25:22 UTC
2347,848,246.139.48.217,TV,Unknown,Safari,2021-11-08T01:04:27Z,2021-11-08 02:25:18 UTC
2348,849,155.91.228.82,smartphone,Others,Unknown,2021-04-19T06:19:04Z,2021-04-19 06:39:00 UTC
2349,850,229.216.139.221,desktop,OS X,Opera,2021-06-11T22:01:26Z,2021-06-12 00:23:15 UTC
2350,851,104.249.255.31,desktop,Others,Samsung Internet,2021-04-18T10:26:16Z,2021-04-18 12:33:51 UTC
2351,852,234.36.22.59,TV,Unknown,Other,2021-08-14T15:20:19Z,2021-08-14 16:19:37 UTC
2352,853,29.239.26.100,desktop,Others,Samsung Internet,2021-10-13T20:51:40Z,2021-10-13 21:47:38 UTC
2353,854,106.59.98.74,TV,Unknown,Edge,2021-06-19T05:30:40Z,2021-06-19 07:56:40 UTC
2354,855,15.166.55.32,desktop,Windows,Puffin,2021-06-19T23:43:02Z,2021-06-20 01:39:07 UTC
2355,856,21.25.245.54,TV,Unknown,Unknown,2021-02-16T20:27:51Z,2021-02-16 22:00:50 UTC
2356,857,158.115.166.141,desktop,Linux,Puffin,2021-02-07T00:08:27Z,2021-02-07 01:18:13 UTC
2357,858,244.123.140.93,desktop,Chrome OS,Chrome,2021-04-29T04:20:22Z,2021-04-29 07:04:21 UTC
2358,859,30.25.20.1,smartphone,Others,Other,2021-05-04T06:53:46Z,2021-05-04 07:31:41 UTC
2359,860,129.133.66.112,TV,Unknown,Other,2021-10-13T03:41:50Z,2021-10-13 05:07:54 UTC
2360,861,141.135.178.131,TV,Unknown,Safari,2021-01-11T02:39:25Z,2021-01-11 03:21:42 UTC
2361,862,3.13.240.97,desktop,Others,Samsung Internet,2021-08-03T12:33:37Z,2021-08-03 14:15:12 UTC
2362,863,220.155.87.245,TV,Unknown,Other,2021-01-22T17:29:19Z,2021-01-22 18:21:27 UTC
2363,864,101.159.27.245,smartphone,Others,Samsung Internet,2021-01-31T01:25:22Z,2021-01-31 01:43:41 UTC
2364,865,73.125.1.32,desktop,Chrome OS,Chrome,2021-07-20T03:40:59Z,2021-07-20 04:51:31 UTC
2365,866,13.113.239.179,desktop,OS X,Puffin,2021-10-21T17:50:37Z,2021-10-21 20:18:53 UTC
2366,867,128.165.194.83,smartphone,OS X,Unknown,2021-05-18T15:43:38Z,2021-05-18 15:53:30 UTC
2367,868,236.140.178.177,desktop,Others,Unknown,2021-10-25T10:20:17Z,2021-10-25 12:39:07 UTC
2368,869,180.137.129.34,smartphone,OS X,Safari,2021-05-17T08:07:38Z,2021-05-17 10:49:06 UTC
2369,870,115.148.162.236,desktop,Linux,Opera,2021-01-20T13:45:42Z,2021-01-20 14:12:41 UTC
2370,871,94.119.253.78,smartphone,Others,Unknown,2021-09-16T20:28:17Z,2021-09-16 21:01:57 UTC
2371,872,35.5.198.151,smartphone,OS X,Opera,2021-08-04T13:51:45Z,2021-08-04 14:45:06 UTC
2372,873,123.128.180.31,smartphone,OS X,Opera,2021-11-13T00:23:38Z,2021-11-13 03:09:17 UTC
2373,874,229.72.149.145,smartphone,OS X,Other,2021-06-30T07:14:51Z,2021-06-30 09:49:07 UTC
2374,875,12.166.104.233,desktop,Linux,Opera,2021-03-26T05:17:44Z,2021-03-26 07:37:38 UTC
2375,876,134.158.111.19,TV,Unknown,Puffin,2021-05-09T09:11:19Z,2021-05-09 11:25:26 UTC
2376,877,226.85.221.51,TV,Unknown,Unknown,2021-04-01T06:06:53Z,2021-04-01 06:58:18 UTC
2377,878,97.15.144.214,smartphone,OS X,KaiOS,2021-01-10T08:38:23Z,2021-01-10 09:52:12 UTC
2378,879,178.131.167.109,TV,Unknown,KaiOS,2021-09-10T16:59:09Z,2021-09-10 18:57:07 UTC
2379,880,157.62.168.214,desktop,Chrome OS,Chrome,2021-12-27T12:41:36Z,2021-12-27 12:44:58 UTC
2380,881,20.54.126.228,smartphone,Others,Chrome,2021-07-10T21:19:56Z,2021-07-10 23:03:02 UTC
2381,882,212.7.101.89,desktop,Windows,Other,2021-10-27T17:56:23Z,2021-10-27 17:57:42 UTC
2382,883,111.189.26.169,TV,Unknown,Puffin,2021-08-16T20:15:42Z,2021-08-16 22:10:25 UTC
2383,884,29.111.182.38,TV,Unknown,Chrome,2021-10-14T08:47:52Z,2021-10-14 09:01:25 UTC
2384,885,22.92.134.203,desktop,Linux,Unknown,2021-04-20T15:58:10Z,2021-04-20 18:08:10 UTC
2385,886,110.150.12.107,TV,Unknown,Safari,2021-02-14T04:48:53Z,2021-02-14 06:07:49 UTC
2386,887,224.162.210.190,desktop,Others,Other,2021-02-21T22:42:54Z,2021-02-21 23:41:37 UTC
2387,888,151.156.182.253,smartphone,OS X,Other,2021-04-11T05:49:42Z,2021-04-11 07:16:42 UTC
2388,889,96.116.7.219,desktop,OS X,Unknown,2021-03-15T10:13:31Z,2021-03-15 10:34:49 UTC
2389,890,207.191.249.17,TV,Unknown,Puffin,2021-07-01T03:34:49Z,2021-07-01 04:16:12 UTC
2390,891,124.152.74.9,smartphone,OS X,KaiOS,2021-02-27T19:19:58Z,2021-02-27 20:40:00 UTC
2391,892,151.232.97.78,TV,Unknown,Unknown,2021-05-05T17:26:14Z,2021-05-05 18:03:10 UTC
2392,893,72.54.224.34,desktop,OS X,Unknown,2021-04-29T08:54:22Z,2021-04-29 09:37:14 UTC
2393,894,74.53.236.168,smartphone,Others,Samsung Internet,2021-05-24T06:03:55Z,2021-05-24 08:41:59 UTC
2394,895,108.174.83.186,desktop,Windows,Other,2021-10-06T21:36:07Z,2021-10-06 22:40:32 UTC
2395,896,215.199.12.15,TV,Unknown,Puffin,2021-01-16T20:21:15Z,2021-01-16 20:37:32 UTC
2396,897,15.229.54.35,desktop,Linux,Chromium,2021-06-15T22:42:40Z,2021-06-16 00:17:58 UTC
2397,898,149.168.19.131,smartphone,OS X,KaiOS,2021-12-02T16:26:06Z,2021-12-02 19:15:33 UTC
2398,899,47.207.81.226,TV,Unknown,Firefox,2021-08-31T10:48:12Z,2021-08-31 12:43:19 UTC
2399,900,239.220.49.172,TV,Unknown,KaiOS,2021-09-01T17:51:53Z,2021-09-01 19:26:57 UTC
2400,901,199.165.8.223,desktop,Linux,Opera,2021-10-26T06:54:17Z,2021-10-26 09:31:47 UTC
2401,902,71.217.208.130,desktop,Others,Android,2021-12-11T21:12:06Z,2021-12-11 21:58:15 UTC
2402,903,100.220.17.187,desktop,Linux,Chromium,2021-12-14T13:11:46Z,2021-12-14 15:33:57 UTC
2403,904,142.145.83.160,TV,Unknown,KaiOS,2021-10-11T23:51:50Z,2021-10-12 02:20:29 UTC
2404,905,65.1.176.85,TV,Unknown,Opera,2021-05-30T10:45:21Z,2021-05-30 12:30:44 UTC
2405,906,161.237.71.161,smartphone,Others,Unknown,2021-04-10T10:08:31Z,2021-04-10 11:11:25 UTC
2406,907,33.16.66.56,desktop,Linux,Other,2021-09-03T00:39:43Z,2021-09-03 00:44:22 UTC
2407,908,182.158.199.224,TV,Unknown,Firefox,2021-11-29T05:37:18Z,2021-11-29 07:12:50 UTC
2408,909,160.226.10.126,TV,Unknown,Firefox,2021-01-20T08:59:26Z,2021-01-20 10:47:05 UTC
2409,910,8.155.166.167,smartphone,OS X,Safari,2021-10-31T12:23:21Z,2021-10-31 15:17:44 UTC
2410,911,149.131.14.152,TV,Unknown,Chrome,2021-11-11T10:53:01Z,2021-11-11 12:45:23 UTC
2411,912,242.70.4.10,desktop,OS X,Firefox,2021-10-23T05:35:39Z,2021-10-23 06:43:28 UTC
2412,913,76.30.183.115,desktop,Windows,Opera,2021-10-12T19:59:16Z,2021-10-12 21:49:54 UTC
2413,914,13.26.220.95,desktop,Windows,Unknown,2021-12-23T05:33:45Z,2021-12-23 07:27:49 UTC
2414,915,189.137.204.87,TV,Unknown,Unknown,2021-04-17T16:47:51Z,2021-04-17 16:55:46 UTC
2415,916,232.50.82.64,desktop,OS X,Safari,2021-10-10T09:20:07Z,2021-10-10 09:41:32 UTC
2416,917,22.107.170.130,smartphone,Others,Android,2021-07-25T20:23:57Z,2021-07-25 21:14:08 UTC
2417,918,111.223.74.33,desktop,OS X,Opera,2021-05-11T03:45:36Z,2021-05-11 04:45:37 UTC
2418,919,235.238.136.27,desktop,Chrome OS,Chrome,2021-04-14T18:42:49Z,2021-04-14 19:30:59 UTC
2419,920,116.246.220.205,TV,Unknown,Safari,2021-01-08T01:34:55Z,2021-01-08 02:35:01 UTC
2420,921,168.87.45.202,TV,Unknown,Edge,2021-07-19T01:40:12Z,2021-07-19 04:08:57 UTC
2421,922,220.83.251.74,TV,Unknown,Unknown,2021-10-05T02:19:08Z,2021-10-05 05:17:04 UTC
2422,923,27.31.215.22,desktop,Others,Other,2021-10-18T06:00:41Z,2021-10-18 08:00:24 UTC
2423,924,52.248.180.103,TV,Unknown,Other,2021-12-25T20:35:27Z,2021-12-25 21:58:54 UTC
2424,925,93.176.154.217,desktop,OS X,Safari,2021-07-08T04:25:24Z,2021-07-08 06:24:15 UTC
2425,926,238.113.84.237,desktop,Windows,Puffin,2021-11-22T23:01:05Z,2021-11-22 23:17:34 UTC
2426,927,190.12.226.101,TV,Unknown,Safari,2021-10-23T17:41:46Z,2021-10-23 19:58:43 UTC
2427,928,230.34.245.135,TV,Unknown,Opera,2021-06-01T20:35:52Z,2021-06-01 22:39:05 UTC
2428,929,115.142.24.192,TV,Unknown,Unknown,2021-01-21T21:16:33Z,2021-01-21 21:40:14 UTC
2429,930,8.90.43.243,desktop,OS X,Opera,2021-09-09T13:56:52Z,2021-09-09 14:16:39 UTC
2430,931,127.229.27.195,smartphone,Others,Samsung Internet,2021-06-08T07:56:49Z,2021-06-08 09:51:25 UTC
2431,932,91.127.232.68,desktop,Linux,Opera,2021-04-17T16:58:04Z,2021-04-17 17:02:40 UTC
2432,933,33.174.45.77,desktop,Windows,Opera,2021-08-25T19:45:29Z,2021-08-25 22:27:11 UTC
2433,934,177.242.52.152,TV,Unknown,Opera,2021-10-16T12:25:03Z,2021-10-16 14:24:45 UTC
2434,935,117.177.82.166,desktop,Windows,Chrome,2021-10-16T09:49:23Z,2021-10-16 11:12:00 UTC
2435,936,105.179.253.177,desktop,Chrome OS,Chrome,2021-04-18T23:56:40Z,2021-04-19 02:06:26 UTC
2436,937,134.177.40.77,TV,Unknown,Opera,2021-12-01T22:11:23Z,2021-12-01 22:50:59 UTC
2437,938,176.149.173.15,smartphone,OS X,Firefox,2021-12-18T20:26:18Z,2021-12-18 23:05:08 UTC
2438,939,183.188.171.111,smartphone,OS X,Unknown,2021-07-16T14:26:39Z,2021-07-16 17:11:56 UTC
2439,940,226.101.156.51,TV,Unknown,Other,2021-12-27T16:26:57Z,2021-12-27 18:11:03 UTC
2440,941,134.246.111.234,TV,Unknown,Safari,2021-03-04T13:35:34Z,2021-03-04 16:03:45 UTC
2441,942,89.108.99.60,desktop,OS X,Puffin,2021-10-10T17:02:02Z,2021-10-10 18:06:33 UTC
2442,943,235.179.185.122,desktop,Windows,Opera,2021-04-16T01:04:20Z,2021-04-16 01:17:52 UTC
2443,944,197.40.37.175,TV,Unknown,Chrome,2021-06-16T01:47:50Z,2021-06-16 04:25:26 UTC
2444,945,74.165.101.60,smartphone,Others,Other,2021-12-01T05:26:19Z,2021-12-01 07:31:11 UTC
2445,946,170.129.212.182,smartphone,Others,Unknown,2021-12-07T20:15:34Z,2021-12-07 22:54:03 UTC
2446,947,120.231.71.247,TV,Unknown,Puffin,2021-05-30T00:05:12Z,2021-05-30 01:58:50 UTC
2447,948,169.10.121.164,desktop,Others,Unknown,2021-02-01T20:53:58Z,2021-02-01 23:14:26 UTC
2448,949,213.216.30.135,smartphone,Others,Unknown,2021-09-05T15:24:05Z,2021-09-05 15:46:43 UTC
2449,950,126.25.84.253,desktop,OS X,Puffin,2021-03-07T20:46:18Z,2021-03-07 23:21:18 UTC
2450,951,255.57.184.127,smartphone,Others,Unknown,2021-04-23T18:59:21Z,2021-04-23 20:47:24 UTC
2451,952,245.227.35.102,desktop,Linux,Unknown,2021-11-10T05:56:48Z,2021-11-10 08:43:34 UTC
2452,953,56.195.174.151,TV,Unknown,KaiOS,2021-07-27T09:34:17Z,2021-07-27 12:01:25 UTC
2453,954,92.172.38.156,smartphone,Others,Firefox,2021-03-26T15:04:24Z,2021-03-26 15:45:26 UTC
2454,955,31.49.89.203,desktop,OS X,Other,2021-09-07T15:12:50Z,2021-09-07 17:20:11 UTC
2455,956,221.204.73.186,smartphone,OS X,Firefox,2021-01-13T07:04:59Z,2021-01-13 09:57:21 UTC
2456,957,103.87.93.208,desktop,OS X,Unknown,2021-02-01T10:52:50Z,2021-02-01 13:10:27 UTC
2457,958,32.165.182.8,smartphone,Others,Samsung Internet,2021-02-06T01:22:17Z,2021-02-06 02:18:00 UTC
2458,959,117.8.82.203,TV,Unknown,Puffin,2021-11-11T11:51:45Z,2021-11-11 13:40:23 UTC
2459,960,23.91.175.136,smartphone,OS X,Other,2021-03-05T18:27:01Z,2021-03-05 20:06:08 UTC
2460,961,167.193.148.48,smartphone,Others,Samsung Internet,2021-08-03T09:26:49Z,2021-08-03 12:02:22 UTC
2461,962,75.236.151.190,TV,Unknown,Opera,2021-05-23T09:47:23Z,2021-05-23 10:11:37 UTC
2462,963,3.16.168.176,TV,Unknown,Opera,2021-05-20T15:18:05Z,2021-05-20 16:05:13 UTC
2463,964,214.196.35.198,smartphone,OS X,Puffin,2021-07-29T05:51:14Z,2021-07-29 06:07:04 UTC
2464,965,137.76.125.153,smartphone,OS X,Puffin,2021-09-24T18:28:34Z,2021-09-24 19:16:47 UTC
2465,966,61.84.6.100,desktop,Windows,Opera,2021-02-28T05:41:59Z,2021-02-28 07:52:46 UTC
2466,967,0.197.69.33,smartphone,Others,Other,2021-06-20T07:30:38Z,2021-06-20 07:59:18 UTC
2467,968,121.76.52.192,desktop,Linux,Chromium,2021-12-28T12:27:39Z,2021-12-28 15:10:44 UTC
2468,969,24.35.140.104,smartphone,Others,Other,2021-12-19T14:33:26Z,2021-12-19 15:27:14 UTC
2469,970,14.67.61.244,desktop,OS X,Firefox,2021-12-12T17:12:14Z,2021-12-12 18:10:10 UTC
2470,971,59.210.229.184,smartphone,Others,Chrome,2021-12-20T03:05:27Z,2021-12-20 04:48:34 UTC
2471,972,140.83.28.184,desktop,OS X,Other,2021-10-03T14:40:57Z,2021-10-03 17:27:31 UTC
2472,973,25.183.80.65,TV,Unknown,Other,2021-05-17T05:25:03Z,2021-05-17 06:14:10 UTC
2473,974,106.48.147.53,TV,Unknown,Unknown,2021-03-11T22:27:46Z,2021-03-11 22:35:06 UTC
2474,975,151.133.245.215,desktop,Others,Samsung Internet,2021-10-28T21:50:53Z,2021-10-29 00:00:28 UTC
2475,976,3.72.112.230,desktop,Chrome OS,Chrome,2021-04-26T16:45:48Z,2021-04-26 19:01:38 UTC
2476,977,162.172.153.241,TV,Unknown,Edge,2021-01-31T14:20:57Z,2021-01-31 17:05:38 UTC
2477,978,44.61.111.250,TV,Unknown,Other,2021-05-21T03:04:07Z,2021-05-21 04:28:08 UTC
2478,979,254.111.255.61,smartphone,Others,Chrome,2021-07-28T09:25:07Z,2021-07-28 10:49:07 UTC
2479,980,48.124.133.69,desktop,OS X,Puffin,2021-04-19T15:36:16Z,2021-04-19 17:21:44 UTC
2480,981,172.50.16.90,desktop,Windows,Puffin,2021-01-20T15:10:06Z,2021-01-20 15:39:57 UTC
2481,982,25.185.43.9,TV,Unknown,Safari,2021-06-23T19:24:47Z,2021-06-23 20:16:34 UTC
2482,983,176.42.168.202,TV,Unknown,Puffin,2021-06-06T15:47:29Z,2021-06-06 17:33:14 UTC
2483,984,243.57.138.28,TV,Unknown,Chrome,2021-05-02T00:56:36Z,2021-05-02 03:13:32 UTC
2484,985,40.118.174.241,smartphone,Others,Firefox,2021-11-07T04:11:56Z,2021-11-07 07:05:35 UTC
2485,986,249.67.233.61,desktop,Others,Firefox,2021-02-03T00:10:42Z,2021-02-03 00:55:58 UTC
2486,987,29.48.148.205,smartphone,OS X,Puffin,2021-10-20T23:39:15Z,2021-10-21 00:05:19 UTC
2487,988,9.160.206.100,desktop,OS X,Firefox,2021-07-01T23:08:44Z,2021-07-02 01:42:08 UTC
2488,989,51.121.240.44,desktop,Windows,Firefox,2021-09-22T15:35:40Z,2021-09-22 17:46:21 UTC
2489,990,23.167.207.248,TV,Unknown,Unknown,2021-04-18T17:30:06Z,2021-04-18 19:55:33 UTC
2490,991,13.236.159.94,TV,Unknown,Edge,2021-02-18T02:52:49Z,2021-02-18 04:55:13 UTC
2491,992,224.19.117.227,TV,Unknown,Opera,2021-11-05T06:43:35Z,2021-11-05 07:35:49 UTC
2492,993,240.153.35.141,desktop,Chrome OS,Chrome,2021-07-11T22:15:07Z,2021-07-12 00:10:51 UTC
2493,994,84.59.247.255,smartphone,Others,Samsung Internet,2021-09-27T07:35:42Z,2021-09-27 08:34:29 UTC
2494,995,138.101.69.187,smartphone,Others,Firefox,2021-10-13T08:42:29Z,2021-10-13 11:11:55 UTC
2495,996,105.152.195.120,TV,Unknown,Opera,2021-01-14T23:52:56Z,2021-01-15 01:46:26 UTC
2496,997,147.22.138.160,smartphone,Others,Chrome,2021-08-17T01:59:29Z,2021-08-17 04:02:53 UTC
2497,998,8.113.228.129,smartphone,Others,Samsung Internet,2021-02-07T12:46:20Z,2021-02-07 13:40:02 UTC
2498,999,92.161.160.31,TV,Unknown,Safari,2021-04-04T04:48:16Z,2021-04-04 07:48:21 UTC
2499,1000,250.154.40.253,desktop,Others,Samsung Internet,2021-07-27T09:52:40Z,2021-07-27 11:37:43 UTC
