components_id,template_id,created_at,created_by,updated_at,updated_by
1,7,2021-03-25T15:49:19Z,1,2021-05-25 15:49:19 UTC,1
2,5,2021-02-07T22:22:00Z,2,2021-04-07 22:22:00 UTC,2
3,7,2021-03-18T01:11:05Z,3,2021-06-18 01:11:05 UTC,3
4,8,2021-03-12T23:42:29Z,4,2021-06-12 23:42:29 UTC,4
5,9,2021-07-04T05:37:16Z,5,2021-09-04 05:37:16 UTC,5
6,8,2021-09-21T07:58:01Z,6,2021-11-21 07:58:01 UTC,6
7,4,2021-05-05T16:31:13Z,7,2021-09-05 16:31:13 UTC,7
8,9,2021-05-27T21:34:05Z,8,2021-08-27 21:34:05 UTC,8
9,3,2021-04-22T13:00:00Z,9,2021-05-22 13:00:00 UTC,9
10,7,2021-09-03T08:17:40Z,10,2021-11-03 08:17:40 UTC,10
11,10,2021-07-31T06:46:51Z,11,2021-10-31 06:46:51 UTC,11
12,3,2021-01-30T23:37:23Z,12,2021-03-30 23:37:23 UTC,12
13,6,2021-06-18T05:32:16Z,13,2021-07-18 05:32:16 UTC,13
14,2,2021-06-09T23:45:04Z,14,2021-10-09 23:45:04 UTC,14
15,4,2021-05-23T04:41:34Z,15,2021-09-23 04:41:34 UTC,15
16,7,2021-08-23T15:38:43Z,16,2021-09-23 15:38:43 UTC,16
17,2,2021-03-16T11:40:10Z,17,2021-05-16 11:40:10 UTC,17
18,4,2021-06-26T23:11:18Z,18,2021-08-26 23:11:18 UTC,18
19,8,2021-07-26T20:35:42Z,19,2021-11-26 20:35:42 UTC,19
20,2,2021-02-19T09:18:06Z,20,2021-04-19 09:18:06 UTC,20
21,7,2021-02-24T09:59:29Z,21,2021-03-24 09:59:29 UTC,21
22,7,2021-02-02T17:53:34Z,22,2021-05-02 17:53:34 UTC,22
23,7,2021-08-04T20:24:01Z,23,2021-10-04 20:24:01 UTC,23
24,2,2021-09-16T03:46:43Z,24,2021-12-16 03:46:43 UTC,24
25,5,2021-08-18T11:10:38Z,25,2021-09-18 11:10:38 UTC,25
26,6,2021-07-02T23:06:07Z,26,2021-10-02 23:06:07 UTC,26
27,4,2021-07-08T00:10:18Z,27,2021-09-08 00:10:18 UTC,27
28,5,2021-06-10T07:44:47Z,28,2021-10-10 07:44:47 UTC,28
29,9,2021-09-01T05:26:43Z,29,2021-12-01 05:26:43 UTC,29
30,7,2021-04-27T08:18:25Z,30,2021-06-27 08:18:25 UTC,30
31,2,2021-05-14T06:21:31Z,31,2021-06-14 06:21:31 UTC,31
32,6,2021-08-23T22:13:36Z,32,2021-09-23 22:13:36 UTC,32
33,7,2021-01-07T16:06:28Z,33,2021-03-07 16:06:28 UTC,33
34,8,2021-01-12T20:14:46Z,34,2021-03-12 20:14:46 UTC,34
35,1,2021-06-09T10:08:08Z,35,2021-07-09 10:08:08 UTC,35
36,9,2021-04-04T07:25:43Z,36,2021-08-04 07:25:43 UTC,36
37,9,2021-07-30T06:05:52Z,37,2021-09-30 06:05:52 UTC,37
38,7,2021-07-24T02:04:38Z,38,2021-09-24 02:04:38 UTC,38
39,3,2021-02-19T09:53:06Z,39,2021-06-19 09:53:06 UTC,39
40,5,2021-04-11T17:44:08Z,40,2021-06-11 17:44:08 UTC,40
41,10,2021-05-06T21:11:11Z,41,2021-08-06 21:11:11 UTC,41
42,7,2021-01-13T07:13:36Z,42,2021-04-13 07:13:36 UTC,42
43,4,2021-07-24T23:58:01Z,43,2021-11-24 23:58:01 UTC,43
44,3,2021-05-02T22:50:13Z,44,2021-07-02 22:50:13 UTC,44
45,7,2021-06-23T07:02:50Z,45,2021-07-23 07:02:50 UTC,45
46,3,2021-02-23T23:37:06Z,46,2021-06-23 23:37:06 UTC,46
47,9,2021-07-08T03:00:46Z,47,2021-10-08 03:00:46 UTC,47
48,5,2021-08-06T03:20:10Z,48,2021-09-06 03:20:10 UTC,48
49,10,2021-03-27T00:23:42Z,49,2021-04-27 00:23:42 UTC,49
50,1,2021-07-05T06:48:27Z,50,2021-11-05 06:48:27 UTC,50
51,8,2021-08-09T09:37:06Z,51,2021-09-09 09:37:06 UTC,51
52,1,2021-01-25T14:07:01Z,52,2021-02-25 14:07:01 UTC,52
53,7,2021-02-17T08:07:48Z,53,2021-04-17 08:07:48 UTC,53
54,10,2021-09-23T01:41:33Z,54,2022-01-23 01:41:33 UTC,54
55,5,2021-08-06T01:42:39Z,55,2021-10-06 01:42:39 UTC,55
56,10,2021-04-25T04:51:45Z,56,2021-05-25 04:51:45 UTC,56
57,8,2021-01-20T22:28:31Z,57,2021-03-20 22:28:31 UTC,57
58,1,2021-06-15T04:43:35Z,58,2021-10-15 04:43:35 UTC,58
59,8,2021-03-31T10:37:13Z,59,2021-04-30 10:37:13 UTC,59
60,1,2021-09-24T20:33:01Z,60,2021-11-24 20:33:01 UTC,60
61,1,2021-05-21T21:20:28Z,61,2021-07-21 21:20:28 UTC,61
62,8,2021-01-27T16:26:09Z,62,2021-05-27 16:26:09 UTC,62
63,6,2021-07-15T13:47:03Z,63,2021-08-15 13:47:03 UTC,63
64,10,2021-02-18T15:18:56Z,64,2021-05-18 15:18:56 UTC,64
65,2,2021-02-17T19:14:51Z,65,2021-06-17 19:14:51 UTC,65
66,5,2021-04-28T00:44:05Z,66,2021-06-28 00:44:05 UTC,66
67,2,2021-06-27T13:34:56Z,67,2021-09-27 13:34:56 UTC,67
68,6,2021-07-05T01:51:47Z,68,2021-11-05 01:51:47 UTC,68
69,6,2021-08-17T18:48:48Z,69,2021-09-17 18:48:48 UTC,69
70,3,2021-05-22T06:06:12Z,70,2021-09-22 06:06:12 UTC,70
71,6,2021-09-18T10:51:03Z,71,2021-10-18 10:51:03 UTC,71
72,5,2021-07-08T02:21:49Z,72,2021-09-08 02:21:49 UTC,72
73,1,2021-03-18T12:56:58Z,73,2021-07-18 12:56:58 UTC,73
74,2,2021-02-23T19:28:19Z,74,2021-06-23 19:28:19 UTC,74
75,6,2021-08-13T01:14:46Z,75,2021-10-13 01:14:46 UTC,75
76,7,2021-09-04T18:27:03Z,76,2021-10-04 18:27:03 UTC,76
77,1,2021-08-25T18:47:51Z,77,2021-12-25 18:47:51 UTC,77
78,1,2021-07-22T13:44:21Z,78,2021-10-22 13:44:21 UTC,78
79,6,2021-06-16T06:10:00Z,79,2021-09-16 06:10:00 UTC,79
80,9,2021-09-08T15:21:05Z,80,2021-10-08 15:21:05 UTC,80
81,6,2021-09-09T23:50:05Z,81,2021-12-09 23:50:05 UTC,81
82,8,2021-09-13T04:37:15Z,82,2022-01-13 04:37:15 UTC,82
83,2,2021-07-16T21:40:49Z,83,2021-09-16 21:40:49 UTC,83
84,10,2021-06-10T14:46:42Z,84,2021-10-10 14:46:42 UTC,84
85,4,2021-07-24T14:40:29Z,85,2021-08-24 14:40:29 UTC,85
86,4,2021-02-24T08:05:55Z,86,2021-03-24 08:05:55 UTC,86
87,10,2021-09-05T12:26:52Z,87,2021-10-05 12:26:52 UTC,87
88,2,2021-04-08T18:46:17Z,88,2021-05-08 18:46:17 UTC,88
89,9,2021-09-20T08:42:07Z,89,2021-10-20 08:42:07 UTC,89
90,4,2021-06-20T19:50:19Z,90,2021-10-20 19:50:19 UTC,90
91,5,2021-07-21T23:17:20Z,91,2021-11-21 23:17:20 UTC,91
92,9,2021-07-23T02:24:43Z,92,2021-10-23 02:24:43 UTC,92
93,3,2021-03-04T09:32:18Z,93,2021-05-04 09:32:18 UTC,93
94,2,2021-04-12T18:20:37Z,94,2021-06-12 18:20:37 UTC,94
95,8,2021-01-13T20:54:36Z,95,2021-04-13 20:54:36 UTC,95
96,1,2021-09-21T11:25:44Z,96,2021-12-21 11:25:44 UTC,96
97,10,2021-07-02T19:55:22Z,97,2021-09-02 19:55:22 UTC,97
98,4,2021-04-19T05:25:33Z,98,2021-08-19 05:25:33 UTC,98
99,8,2021-04-08T17:42:21Z,99,2021-08-08 17:42:21 UTC,99
100,3,2021-04-09T11:18:58Z,100,2021-07-09 11:18:58 UTC,100
101,1,2021-01-11T09:57:35Z,101,2021-05-11 09:57:35 UTC,101
102,1,2021-07-15T13:39:29Z,102,2021-09-15 13:39:29 UTC,102
103,5,2021-01-30T15:05:14Z,103,2021-03-30 15:05:14 UTC,103
104,10,2021-09-08T17:38:56Z,104,2021-11-08 17:38:56 UTC,104
105,9,2021-05-07T01:21:58Z,105,2021-07-07 01:21:58 UTC,105
106,2,2021-06-27T11:35:14Z,106,2021-09-27 11:35:14 UTC,106
107,4,2021-04-13T05:27:18Z,107,2021-08-13 05:27:18 UTC,107
108,10,2021-05-15T22:33:52Z,108,2021-08-15 22:33:52 UTC,108
109,7,2021-05-21T17:30:35Z,109,2021-08-21 17:30:35 UTC,109
110,8,2021-03-06T03:16:04Z,110,2021-04-06 03:16:04 UTC,110
111,7,2021-02-18T11:07:00Z,111,2021-05-18 11:07:00 UTC,111
112,2,2021-06-18T16:25:04Z,112,2021-10-18 16:25:04 UTC,112
113,3,2021-05-16T13:03:15Z,113,2021-09-16 13:03:15 UTC,113
114,4,2021-01-27T19:25:41Z,114,2021-04-27 19:25:41 UTC,114
115,3,2021-05-28T21:41:00Z,115,2021-09-28 21:41:00 UTC,115
116,4,2021-05-05T16:40:12Z,116,2021-08-05 16:40:12 UTC,116
117,10,2021-01-17T18:03:59Z,117,2021-04-17 18:03:59 UTC,117
118,4,2021-05-31T02:56:23Z,118,2021-09-30 02:56:23 UTC,118
119,8,2021-09-23T00:56:17Z,119,2021-10-23 00:56:17 UTC,119
120,8,2021-01-15T15:05:22Z,120,2021-05-15 15:05:22 UTC,120
121,7,2021-01-29T23:24:30Z,121,2021-05-29 23:24:30 UTC,121
122,6,2021-06-11T15:52:14Z,122,2021-08-11 15:52:14 UTC,122
123,6,2021-02-17T11:02:23Z,123,2021-06-17 11:02:23 UTC,123
124,2,2021-06-13T02:41:07Z,124,2021-10-13 02:41:07 UTC,124
125,1,2021-05-01T19:54:14Z,125,2021-06-01 19:54:14 UTC,125
126,5,2021-08-22T16:06:33Z,126,2021-12-22 16:06:33 UTC,126
127,4,2021-04-04T14:58:26Z,127,2021-06-04 14:58:26 UTC,127
128,8,2021-03-04T16:15:59Z,128,2021-05-04 16:15:59 UTC,128
129,4,2021-07-15T02:53:34Z,129,2021-11-15 02:53:34 UTC,129
130,3,2021-02-04T20:59:16Z,130,2021-05-04 20:59:16 UTC,130
131,6,2021-06-06T17:54:39Z,131,2021-09-06 17:54:39 UTC,131
132,3,2021-07-25T23:38:10Z,132,2021-08-25 23:38:10 UTC,132
133,5,2021-05-16T20:23:31Z,133,2021-08-16 20:23:31 UTC,133
134,5,2021-02-04T20:57:48Z,134,2021-06-04 20:57:48 UTC,134
135,9,2021-02-23T03:41:34Z,135,2021-06-23 03:41:34 UTC,135
136,8,2021-02-01T06:46:39Z,136,2021-06-01 06:46:39 UTC,136
137,3,2021-06-28T21:15:30Z,137,2021-10-28 21:15:30 UTC,137
138,7,2021-04-22T05:41:06Z,138,2021-08-22 05:41:06 UTC,138
139,1,2021-03-24T04:01:20Z,139,2021-06-24 04:01:20 UTC,139
140,4,2021-02-09T00:16:29Z,140,2021-05-09 00:16:29 UTC,140
141,5,2021-06-20T11:09:19Z,141,2021-10-20 11:09:19 UTC,141
142,8,2021-01-17T16:17:50Z,142,2021-03-17 16:17:50 UTC,142
143,6,2021-06-30T04:03:24Z,143,2021-09-30 04:03:24 UTC,143
144,9,2021-07-14T04:33:03Z,144,2021-10-14 04:33:03 UTC,144
145,8,2021-03-21T07:53:47Z,145,2021-07-21 07:53:47 UTC,145
146,5,2021-09-18T10:34:24Z,146,2021-10-18 10:34:24 UTC,146
147,9,2021-06-06T22:38:24Z,147,2021-09-06 22:38:24 UTC,147
148,2,2021-02-18T06:27:10Z,148,2021-03-18 06:27:10 UTC,148
149,6,2021-09-19T16:03:38Z,149,2022-01-19 16:03:38 UTC,149
150,3,2021-05-23T00:35:00Z,150,2021-09-23 00:35:00 UTC,150
151,4,2021-03-13T08:03:17Z,151,2021-04-13 08:03:17 UTC,151
152,8,2021-09-24T13:02:09Z,152,2021-10-24 13:02:09 UTC,152
153,1,2021-07-06T15:40:15Z,153,2021-10-06 15:40:15 UTC,153
154,6,2021-02-09T09:28:14Z,154,2021-04-09 09:28:14 UTC,154
155,6,2021-04-09T18:30:52Z,155,2021-06-09 18:30:52 UTC,155
156,5,2021-07-16T12:08:18Z,156,2021-11-16 12:08:18 UTC,156
157,8,2021-03-09T19:10:57Z,157,2021-06-09 19:10:57 UTC,157
158,2,2021-07-01T06:24:04Z,158,2021-08-01 06:24:04 UTC,158
159,7,2021-07-14T19:21:24Z,159,2021-09-14 19:21:24 UTC,159
160,7,2021-04-29T08:15:38Z,160,2021-07-29 08:15:38 UTC,160
161,1,2021-02-28T17:02:42Z,161,2021-04-28 17:02:42 UTC,161
162,9,2021-05-04T14:47:48Z,162,2021-08-04 14:47:48 UTC,162
163,9,2021-08-29T13:54:48Z,163,2021-09-29 13:54:48 UTC,163
164,7,2021-04-22T11:41:45Z,164,2021-05-22 11:41:45 UTC,164
165,2,2021-05-02T17:59:56Z,165,2021-07-02 17:59:56 UTC,165
166,6,2021-09-14T12:57:58Z,166,2022-01-14 12:57:58 UTC,166
167,1,2021-07-15T05:54:52Z,167,2021-11-15 05:54:52 UTC,167
168,9,2021-03-02T20:36:11Z,168,2021-05-02 20:36:11 UTC,168
169,7,2021-06-29T12:44:11Z,169,2021-09-29 12:44:11 UTC,169
170,9,2021-05-12T00:13:35Z,170,2021-07-12 00:13:35 UTC,170
171,9,2021-04-08T13:51:42Z,171,2021-08-08 13:51:42 UTC,171
172,3,2021-09-12T04:10:18Z,172,2021-12-12 04:10:18 UTC,172
173,4,2021-07-18T20:03:00Z,173,2021-10-18 20:03:00 UTC,173
174,2,2021-01-05T16:42:11Z,174,2021-03-05 16:42:11 UTC,174
175,8,2021-03-26T05:45:37Z,175,2021-07-26 05:45:37 UTC,175
176,10,2021-09-05T09:24:19Z,176,2021-10-05 09:24:19 UTC,176
177,5,2021-08-16T03:07:56Z,177,2021-10-16 03:07:56 UTC,177
178,6,2021-04-25T00:06:11Z,178,2021-08-25 00:06:11 UTC,178
179,5,2021-06-16T08:14:37Z,179,2021-08-16 08:14:37 UTC,179
180,6,2021-01-14T15:23:54Z,180,2021-04-14 15:23:54 UTC,180
181,10,2021-06-27T01:48:27Z,181,2021-10-27 01:48:27 UTC,181
182,3,2021-04-11T13:24:28Z,182,2021-08-11 13:24:28 UTC,182
183,1,2021-04-15T14:44:38Z,183,2021-06-15 14:44:38 UTC,183
184,1,2021-06-01T03:01:35Z,184,2021-10-01 03:01:35 UTC,184
185,8,2021-05-05T04:56:52Z,185,2021-08-05 04:56:52 UTC,185
186,2,2021-08-24T05:42:59Z,186,2021-09-24 05:42:59 UTC,186
187,4,2021-06-26T23:53:14Z,187,2021-10-26 23:53:14 UTC,187
188,8,2021-01-17T09:42:04Z,188,2021-03-17 09:42:04 UTC,188
189,4,2021-01-06T03:30:02Z,189,2021-03-06 03:30:02 UTC,189
190,3,2021-02-27T16:26:47Z,190,2021-04-27 16:26:47 UTC,190
191,10,2021-07-29T07:16:16Z,191,2021-10-29 07:16:16 UTC,191
192,3,2021-02-22T00:47:54Z,192,2021-05-22 00:47:54 UTC,192
193,3,2021-02-18T22:13:12Z,193,2021-06-18 22:13:12 UTC,193
194,6,2021-01-15T07:44:08Z,194,2021-04-15 07:44:08 UTC,194
195,2,2021-09-11T21:06:06Z,195,2022-01-11 21:06:06 UTC,195
196,5,2021-08-13T03:27:27Z,196,2021-09-13 03:27:27 UTC,196
197,7,2021-09-10T06:45:47Z,197,2021-10-10 06:45:47 UTC,197
198,4,2021-01-11T08:44:56Z,198,2021-03-11 08:44:56 UTC,198
199,4,2021-07-15T08:58:05Z,199,2021-08-15 08:58:05 UTC,199
200,5,2021-09-08T00:30:05Z,200,2022-01-08 00:30:05 UTC,200
